RSID,seqnames,seqlength,mapped,unmapped
RS102054,1,248956422,2998651,0
RS102054,2,242193529,2014309,0
RS102054,3,198295559,1566454,0
RS102054,4,190214555,1331694,0
RS102054,5,181538259,1528561,0
RS102054,6,170805979,1347553,0
RS102054,7,159345973,1430846,0
RS102054,8,145138636,1140927,0
RS102054,9,138394717,1196925,0
RS102054,10,133797422,1226774,0
RS102054,11,135086622,1299379,0
RS102054,12,133275309,1147726,0
RS102054,13,114364328,682286,0
RS102054,14,107043718,806021,0
RS102054,15,101991189,851728,0
RS102054,16,90338345,1094174,0
RS102054,17,83257441,1137849,0
RS102054,18,80373285,577772,0
RS102054,19,58617616,988594,0
RS102054,20,64444167,679165,0
RS102054,21,46709983,1244663,0
RS102054,22,50818468,555337,0
RS102054,X,156040895,655498,0
RS102054,Y,57227415,145338,0
RS102054,MT,16569,3485510,0
RS102056,1,248956422,9685035,0
RS102056,2,242193529,4879581,0
RS102056,3,198295559,3869553,0
RS102056,4,190214555,2708789,0
RS102056,5,181538259,4015249,0
RS102056,6,170805979,3360313,0
RS102056,7,159345973,3490078,0
RS102056,8,145138636,2683278,0
RS102056,9,138394717,2772000,0
RS102056,10,133797422,2825630,0
RS102056,11,135086622,3524752,0
RS102056,12,133275309,3069441,0
RS102056,13,114364328,1545208,0
RS102056,14,107043718,2121211,0
RS102056,15,101991189,2135290,0
RS102056,16,90338345,2699573,0
RS102056,17,83257441,3523188,0
RS102056,18,80373285,1178111,0
RS102056,19,58617616,3319710,0
RS102056,20,64444167,1591592,0
RS102056,21,46709983,2139531,0
RS102056,22,50818468,1398921,0
RS102056,X,156040895,2172112,0
RS102056,Y,57227415,111881,0
RS102056,MT,16569,18045405,0
RS102062,1,248956422,6848013,0
RS102062,2,242193529,5300524,0
RS102062,3,198295559,4161515,0
RS102062,4,190214555,3759243,0
RS102062,5,181538259,3965551,0
RS102062,6,170805979,3541302,0
RS102062,7,159345973,3712643,0
RS102062,8,145138636,3137029,0
RS102062,9,138394717,3086582,0
RS102062,10,133797422,3199525,0
RS102062,11,135086622,3239762,0
RS102062,12,133275309,2926627,0
RS102062,13,114364328,1840400,0
RS102062,14,107043718,2077268,0
RS102062,15,101991189,2252460,0
RS102062,16,90338345,2778416,0
RS102062,17,83257441,2617981,0
RS102062,18,80373285,1604989,0
RS102062,19,58617616,2086491,0
RS102062,20,64444167,1758255,0
RS102062,21,46709983,2549654,0
RS102062,22,50818468,1390440,0
RS102062,X,156040895,3128534,0
RS102062,Y,57227415,281271,0
RS102062,MT,16569,5302868,0
RS102071,1,248956422,5602552,0
RS102071,2,242193529,3256062,0
RS102071,3,198295559,2547542,0
RS102071,4,190214555,1736290,0
RS102071,5,181538259,2406318,0
RS102071,6,170805979,2277832,0
RS102071,7,159345973,2445326,0
RS102071,8,145138636,1749435,0
RS102071,9,138394717,1928115,0
RS102071,10,133797422,1964852,0
RS102071,11,135086622,2400517,0
RS102071,12,133275309,2119199,0
RS102071,13,114364328,945822,0
RS102071,14,107043718,1413840,0
RS102071,15,101991189,1520715,0
RS102071,16,90338345,1993360,0
RS102071,17,83257441,2629174,0
RS102071,18,80373285,792954,0
RS102071,19,58617616,2545968,0
RS102071,20,64444167,1188244,0
RS102071,21,46709983,1463899,0
RS102071,22,50818468,1028486,0
RS102071,X,156040895,991344,0
RS102071,Y,57227415,127413,0
RS102071,MT,16569,6302501,0
RS102073,1,248956422,3055994,0
RS102073,2,242193529,2064248,0
RS102073,3,198295559,1622194,0
RS102073,4,190214555,1317863,0
RS102073,5,181538259,1545668,0
RS102073,6,170805979,1421063,0
RS102073,7,159345973,1438697,0
RS102073,8,145138636,1165047,0
RS102073,9,138394717,1217131,0
RS102073,10,133797422,1225710,0
RS102073,11,135086622,1349824,0
RS102073,12,133275309,1206724,0
RS102073,13,114364328,685030,0
RS102073,14,107043718,848864,0
RS102073,15,101991189,896843,0
RS102073,16,90338345,1112914,0
RS102073,17,83257441,1230814,0
RS102073,18,80373285,564064,0
RS102073,19,58617616,1067300,0
RS102073,20,64444167,710041,0
RS102073,21,46709983,1053454,0
RS102073,22,50818468,582377,0
RS102073,X,156040895,683031,0
RS102073,Y,57227415,194530,0
RS102073,MT,16569,3313349,0
RS102078,1,248956422,3423570,0
RS102078,2,242193529,1907168,0
RS102078,3,198295559,1518119,0
RS102078,4,190214555,1279686,0
RS102078,5,181538259,1551147,0
RS102078,6,170805979,1279343,0
RS102078,7,159345973,1343630,0
RS102078,8,145138636,1078833,0
RS102078,9,138394717,1093448,0
RS102078,10,133797422,1110654,0
RS102078,11,135086622,1264860,0
RS102078,12,133275309,1080524,0
RS102078,13,114364328,675830,0
RS102078,14,107043718,751346,0
RS102078,15,101991189,784259,0
RS102078,16,90338345,955431,0
RS102078,17,83257441,1039962,0
RS102078,18,80373285,534422,0
RS102078,19,58617616,919020,0
RS102078,20,64444167,599618,0
RS102078,21,46709983,1137529,0
RS102078,22,50818468,482345,0
RS102078,X,156040895,624794,0
RS102078,Y,57227415,191767,0
RS102078,MT,16569,7284880,0
RS102097,1,248956422,2539039,0
RS102097,2,242193529,1651655,0
RS102097,3,198295559,1285125,0
RS102097,4,190214555,1095374,0
RS102097,5,181538259,1258383,0
RS102097,6,170805979,1113285,0
RS102097,7,159345973,1154620,0
RS102097,8,145138636,929658,0
RS102097,9,138394717,954404,0
RS102097,10,133797422,978570,0
RS102097,11,135086622,1063109,0
RS102097,12,133275309,945591,0
RS102097,13,114364328,562963,0
RS102097,14,107043718,663724,0
RS102097,15,101991189,687603,0
RS102097,16,90338345,874255,0
RS102097,17,83257441,911268,0
RS102097,18,80373285,465958,0
RS102097,19,58617616,793875,0
RS102097,20,64444167,548905,0
RS102097,21,46709983,1011104,0
RS102097,22,50818468,457494,0
RS102097,X,156040895,546706,0
RS102097,Y,57227415,173432,0
RS102097,MT,16569,3782105,0
RS102104,1,248956422,6919494,0
RS102104,2,242193529,4102660,0
RS102104,3,198295559,3296771,0
RS102104,4,190214555,2595895,0
RS102104,5,181538259,3128462,0
RS102104,6,170805979,2832217,0
RS102104,7,159345973,2991915,0
RS102104,8,145138636,2256414,0
RS102104,9,138394717,2355926,0
RS102104,10,133797422,2367945,0
RS102104,11,135086622,2709768,0
RS102104,12,133275309,2542024,0
RS102104,13,114364328,1291320,0
RS102104,14,107043718,1653567,0
RS102104,15,101991189,1655401,0
RS102104,16,90338345,2040432,0
RS102104,17,83257441,2548841,0
RS102104,18,80373285,1038706,0
RS102104,19,58617616,2329079,0
RS102104,20,64444167,1279997,0
RS102104,21,46709983,1757305,0
RS102104,22,50818468,1079418,0
RS102104,X,156040895,2129254,0
RS102104,Y,57227415,131616,0
RS102104,MT,16569,11345039,0
RS102111,1,248956422,9755483,0
RS102111,2,242193529,5774695,0
RS102111,3,198295559,4695637,0
RS102111,4,190214555,3543876,0
RS102111,5,181538259,4623288,0
RS102111,6,170805979,4051894,0
RS102111,7,159345973,4098138,0
RS102111,8,145138636,3172967,0
RS102111,9,138394717,3261118,0
RS102111,10,133797422,3326769,0
RS102111,11,135086622,3903515,0
RS102111,12,133275309,3559606,0
RS102111,13,114364328,1893723,0
RS102111,14,107043718,2417311,0
RS102111,15,101991189,2329669,0
RS102111,16,90338345,2990783,0
RS102111,17,83257441,3674108,0
RS102111,18,80373285,1519279,0
RS102111,19,58617616,3379297,0
RS102111,20,64444167,1819581,0
RS102111,21,46709983,2583852,0
RS102111,22,50818468,1556355,0
RS102111,X,156040895,2662331,0
RS102111,Y,57227415,160876,0
RS102111,MT,16569,15483851,0
RS102124,1,248956422,3298535,0
RS102124,2,242193529,1776399,0
RS102124,3,198295559,1388482,0
RS102124,4,190214555,1026890,0
RS102124,5,181538259,1362342,0
RS102124,6,170805979,1209790,0
RS102124,7,159345973,1274788,0
RS102124,8,145138636,958698,0
RS102124,9,138394717,1049070,0
RS102124,10,133797422,1042070,0
RS102124,11,135086622,1278646,0
RS102124,12,133275309,1085608,0
RS102124,13,114364328,557733,0
RS102124,14,107043718,748213,0
RS102124,15,101991189,779244,0
RS102124,16,90338345,1027862,0
RS102124,17,83257441,1261666,0
RS102124,18,80373285,449148,0
RS102124,19,58617616,1204888,0
RS102124,20,64444167,615329,0
RS102124,21,46709983,839639,0
RS102124,22,50818468,539821,0
RS102124,X,156040895,761884,0
RS102124,Y,57227415,49204,0
RS102124,MT,16569,6013213,0
RS102126,1,248956422,3070421,0
RS102126,2,242193529,1936533,0
RS102126,3,198295559,1520678,0
RS102126,4,190214555,1151632,0
RS102126,5,181538259,1463010,0
RS102126,6,170805979,1320975,0
RS102126,7,159345973,1366653,0
RS102126,8,145138636,1057775,0
RS102126,9,138394717,1139358,0
RS102126,10,133797422,1132829,0
RS102126,11,135086622,1330804,0
RS102126,12,133275309,1185868,0
RS102126,13,114364328,604945,0
RS102126,14,107043718,793191,0
RS102126,15,101991189,828079,0
RS102126,16,90338345,1050473,0
RS102126,17,83257441,1316283,0
RS102126,18,80373285,509628,0
RS102126,19,58617616,1240811,0
RS102126,20,64444167,649064,0
RS102126,21,46709983,651549,0
RS102126,22,50818468,535882,0
RS102126,X,156040895,605477,0
RS102126,Y,57227415,118221,0
RS102126,MT,16569,3752648,0
RS102127,1,248956422,4024052,0
RS102127,2,242193529,1933631,0
RS102127,3,198295559,1535640,0
RS102127,4,190214555,1020520,0
RS102127,5,181538259,1538412,0
RS102127,6,170805979,1337138,0
RS102127,7,159345973,1420659,0
RS102127,8,145138636,1019756,0
RS102127,9,138394717,1159026,0
RS102127,10,133797422,1129623,0
RS102127,11,135086622,1469339,0
RS102127,12,133275309,1244156,0
RS102127,13,114364328,585850,0
RS102127,14,107043718,851257,0
RS102127,15,101991189,877525,0
RS102127,16,90338345,1160081,0
RS102127,17,83257441,1566908,0
RS102127,18,80373285,456800,0
RS102127,19,58617616,1510482,0
RS102127,20,64444167,688507,0
RS102127,21,46709983,848431,0
RS102127,22,50818468,613347,0
RS102127,X,156040895,597812,0
RS102127,Y,57227415,74600,0
RS102127,MT,16569,7712214,0
RS102128,1,248956422,2192323,0
RS102128,2,242193529,1127661,0
RS102128,3,198295559,882159,0
RS102128,4,190214555,605044,0
RS102128,5,181538259,842790,0
RS102128,6,170805979,792500,0
RS102128,7,159345973,831618,0
RS102128,8,145138636,593046,0
RS102128,9,138394717,671489,0
RS102128,10,133797422,664722,0
RS102128,11,135086622,839274,0
RS102128,12,133275309,724309,0
RS102128,13,114364328,338507,0
RS102128,14,107043718,497584,0
RS102128,15,101991189,513424,0
RS102128,16,90338345,664780,0
RS102128,17,83257441,880666,0
RS102128,18,80373285,268383,0
RS102128,19,58617616,864680,0
RS102128,20,64444167,400388,0
RS102128,21,46709983,581907,0
RS102128,22,50818468,357741,0
RS102128,X,156040895,428039,0
RS102128,Y,57227415,19743,0
RS102128,MT,16569,3823207,0
RS102133,1,248956422,10759097,0
RS102133,2,242193529,4362038,0
RS102133,3,198295559,3581189,0
RS102133,4,190214555,2721303,0
RS102133,5,181538259,3891451,0
RS102133,6,170805979,2924410,0
RS102133,7,159345973,3187347,0
RS102133,8,145138636,2298954,0
RS102133,9,138394717,2542430,0
RS102133,10,133797422,2538023,0
RS102133,11,135086622,3317204,0
RS102133,12,133275309,2685524,0
RS102133,13,114364328,1503950,0
RS102133,14,107043718,1795559,0
RS102133,15,101991189,1822649,0
RS102133,16,90338345,2430586,0
RS102133,17,83257441,2776894,0
RS102133,18,80373285,1120301,0
RS102133,19,58617616,2564072,0
RS102133,20,64444167,1453724,0
RS102133,21,46709983,2494083,0
RS102133,22,50818468,1217730,0
RS102133,X,156040895,1380708,0
RS102133,Y,57227415,365289,0
RS102133,MT,16569,33192345,0
RS102134,1,248956422,3925671,0
RS102134,2,242193529,2431123,0
RS102134,3,198295559,1908836,0
RS102134,4,190214555,1585340,0
RS102134,5,181538259,1893455,0
RS102134,6,170805979,1650846,0
RS102134,7,159345973,1713393,0
RS102134,8,145138636,1364050,0
RS102134,9,138394717,1432223,0
RS102134,10,133797422,1453299,0
RS102134,11,135086622,1606021,0
RS102134,12,133275309,1432303,0
RS102134,13,114364328,812641,0
RS102134,14,107043718,985434,0
RS102134,15,101991189,1056523,0
RS102134,16,90338345,1303828,0
RS102134,17,83257441,1485380,0
RS102134,18,80373285,665508,0
RS102134,19,58617616,1308966,0
RS102134,20,64444167,817210,0
RS102134,21,46709983,1411274,0
RS102134,22,50818468,671561,0
RS102134,X,156040895,790754,0
RS102134,Y,57227415,231077,0
RS102134,MT,16569,4928813,0
RS102136,1,248956422,3865023,0
RS102136,2,242193529,2212538,0
RS102136,3,198295559,1756444,0
RS102136,4,190214555,1317016,0
RS102136,5,181538259,1698129,0
RS102136,6,170805979,1526107,0
RS102136,7,159345973,1602297,0
RS102136,8,145138636,1218730,0
RS102136,9,138394717,1285768,0
RS102136,10,133797422,1311487,0
RS102136,11,135086622,1543019,0
RS102136,12,133275309,1331526,0
RS102136,13,114364328,727943,0
RS102136,14,107043718,914883,0
RS102136,15,101991189,950631,0
RS102136,16,90338345,1215493,0
RS102136,17,83257441,1473480,0
RS102136,18,80373285,573756,0
RS102136,19,58617616,1364014,0
RS102136,20,64444167,747626,0
RS102136,21,46709983,1165415,0
RS102136,22,50818468,638355,0
RS102136,X,156040895,717504,0
RS102136,Y,57227415,168105,0
RS102136,MT,16569,6344348,0
RS102161,1,248956422,2909466,0
RS102161,2,242193529,1658857,0
RS102161,3,198295559,1312964,0
RS102161,4,190214555,962012,0
RS102161,5,181538259,1237748,0
RS102161,6,170805979,1196858,0
RS102161,7,159345973,1221490,0
RS102161,8,145138636,916390,0
RS102161,9,138394717,1000828,0
RS102161,10,133797422,998545,0
RS102161,11,135086622,1203475,0
RS102161,12,133275309,1054963,0
RS102161,13,114364328,496169,0
RS102161,14,107043718,722382,0
RS102161,15,101991189,757185,0
RS102161,16,90338345,965202,0
RS102161,17,83257441,1293169,0
RS102161,18,80373285,410973,0
RS102161,19,58617616,1252189,0
RS102161,20,64444167,603630,0
RS102161,21,46709983,777903,0
RS102161,22,50818468,510089,0
RS102161,X,156040895,534338,0
RS102161,Y,57227415,87134,0
RS102161,MT,16569,3640904,0
RS102174,1,248956422,5678061,0
RS102174,2,242193529,2781073,0
RS102174,3,198295559,2195024,0
RS102174,4,190214555,1665703,0
RS102174,5,181538259,2271772,0
RS102174,6,170805979,1920891,0
RS102174,7,159345973,2011247,0
RS102174,8,145138636,1517547,0
RS102174,9,138394717,1617503,0
RS102174,10,133797422,1589047,0
RS102174,11,135086622,2028534,0
RS102174,12,133275309,1676614,0
RS102174,13,114364328,903438,0
RS102174,14,107043718,1167715,0
RS102174,15,101991189,1187850,0
RS102174,16,90338345,1521073,0
RS102174,17,83257441,1964172,0
RS102174,18,80373285,706368,0
RS102174,19,58617616,1882655,0
RS102174,20,64444167,971949,0
RS102174,21,46709983,1290708,0
RS102174,22,50818468,819939,0
RS102174,X,156040895,1232217,0
RS102174,Y,57227415,77194,0
RS102174,MT,16569,12225202,0
RS102177,1,248956422,3683313,0
RS102177,2,242193529,2015956,0
RS102177,3,198295559,1589100,0
RS102177,4,190214555,1281302,0
RS102177,5,181538259,1553317,0
RS102177,6,170805979,1376658,0
RS102177,7,159345973,1468886,0
RS102177,8,145138636,1143791,0
RS102177,9,138394717,1199298,0
RS102177,10,133797422,1211538,0
RS102177,11,135086622,1403862,0
RS102177,12,133275309,1194437,0
RS102177,13,114364328,672256,0
RS102177,14,107043718,839286,0
RS102177,15,101991189,854308,0
RS102177,16,90338345,1097972,0
RS102177,17,83257441,1298736,0
RS102177,18,80373285,530365,0
RS102177,19,58617616,1150300,0
RS102177,20,64444167,688810,0
RS102177,21,46709983,1355481,0
RS102177,22,50818468,582998,0
RS102177,X,156040895,648074,0
RS102177,Y,57227415,177649,0
RS102177,MT,16569,6571136,0
RS102180,1,248956422,3191423,0
RS102180,2,242193529,1833006,0
RS102180,3,198295559,1438617,0
RS102180,4,190214555,1046524,0
RS102180,5,181538259,1402666,0
RS102180,6,170805979,1261563,0
RS102180,7,159345973,1338605,0
RS102180,8,145138636,1001933,0
RS102180,9,138394717,1085729,0
RS102180,10,133797422,1092998,0
RS102180,11,135086622,1303416,0
RS102180,12,133275309,1147116,0
RS102180,13,114364328,559707,0
RS102180,14,107043718,777832,0
RS102180,15,101991189,811535,0
RS102180,16,90338345,1052414,0
RS102180,17,83257441,1347254,0
RS102180,18,80373285,461024,0
RS102180,19,58617616,1283029,0
RS102180,20,64444167,638730,0
RS102180,21,46709983,792693,0
RS102180,22,50818468,556865,0
RS102180,X,156040895,582257,0
RS102180,Y,57227415,103213,0
RS102180,MT,16569,4041323,0
RS102181,1,248956422,3916272,0
RS102181,2,242193529,2251734,0
RS102181,3,198295559,1784608,0
RS102181,4,190214555,1419521,0
RS102181,5,181538259,1769066,0
RS102181,6,170805979,1559910,0
RS102181,7,159345973,1620966,0
RS102181,8,145138636,1270399,0
RS102181,9,138394717,1336820,0
RS102181,10,133797422,1330730,0
RS102181,11,135086622,1577944,0
RS102181,12,133275309,1349211,0
RS102181,13,114364328,733828,0
RS102181,14,107043718,935467,0
RS102181,15,101991189,961735,0
RS102181,16,90338345,1239030,0
RS102181,17,83257441,1489329,0
RS102181,18,80373285,595624,0
RS102181,19,58617616,1341343,0
RS102181,20,64444167,772240,0
RS102181,21,46709983,961818,0
RS102181,22,50818468,643662,0
RS102181,X,156040895,1068775,0
RS102181,Y,57227415,75885,0
RS102181,MT,16569,5807219,0
RS102198,1,248956422,4204210,0
RS102198,2,242193529,2039697,0
RS102198,3,198295559,1659741,0
RS102198,4,190214555,1430692,0
RS102198,5,181538259,1801836,0
RS102198,6,170805979,1358560,0
RS102198,7,159345973,1411860,0
RS102198,8,145138636,1142879,0
RS102198,9,138394717,1150579,0
RS102198,10,133797422,1206363,0
RS102198,11,135086622,1327621,0
RS102198,12,133275309,1129703,0
RS102198,13,114364328,769873,0
RS102198,14,107043718,782170,0
RS102198,15,101991189,811996,0
RS102198,16,90338345,971195,0
RS102198,17,83257441,993788,0
RS102198,18,80373285,586086,0
RS102198,19,58617616,786980,0
RS102198,20,64444167,622766,0
RS102198,21,46709983,1322490,0
RS102198,22,50818468,483002,0
RS102198,X,156040895,1084446,0
RS102198,Y,57227415,125338,0
RS102198,MT,16569,12034175,0
RS102207,1,248956422,7115844,0
RS102207,2,242193529,2940185,0
RS102207,3,198295559,2367657,0
RS102207,4,190214555,1919451,0
RS102207,5,181538259,2572426,0
RS102207,6,170805979,1954914,0
RS102207,7,159345973,2028585,0
RS102207,8,145138636,1621956,0
RS102207,9,138394717,1661944,0
RS102207,10,133797422,1683078,0
RS102207,11,135086622,2050186,0
RS102207,12,133275309,1679647,0
RS102207,13,114364328,1069377,0
RS102207,14,107043718,1161700,0
RS102207,15,101991189,1166181,0
RS102207,16,90338345,1466144,0
RS102207,17,83257441,1662376,0
RS102207,18,80373285,799568,0
RS102207,19,58617616,1451893,0
RS102207,20,64444167,894661,0
RS102207,21,46709983,2612844,0
RS102207,22,50818468,750794,0
RS102207,X,156040895,1431799,0
RS102207,Y,57227415,134511,0
RS102207,MT,16569,22290930,0
RS102209,1,248956422,5564647,0
RS102209,2,242193529,4106511,0
RS102209,3,198295559,3215260,0
RS102209,4,190214555,2940256,0
RS102209,5,181538259,3173002,0
RS102209,6,170805979,2703458,0
RS102209,7,159345973,2848368,0
RS102209,8,145138636,2382895,0
RS102209,9,138394717,2388220,0
RS102209,10,133797422,2488318,0
RS102209,11,135086622,2528118,0
RS102209,12,133275309,2246630,0
RS102209,13,114364328,1456238,0
RS102209,14,107043718,1590934,0
RS102209,15,101991189,1683683,0
RS102209,16,90338345,2117201,0
RS102209,17,83257441,2024124,0
RS102209,18,80373285,1228886,0
RS102209,19,58617616,1606269,0
RS102209,20,64444167,1340745,0
RS102209,21,46709983,1796193,0
RS102209,22,50818468,1107819,0
RS102209,X,156040895,1354790,0
RS102209,Y,57227415,545895,0
RS102209,MT,16569,5845935,0
RS102221,1,248956422,4838491,0
RS102221,2,242193529,3152000,0
RS102221,3,198295559,2492763,0
RS102221,4,190214555,2163786,0
RS102221,5,181538259,2460633,0
RS102221,6,170805979,2132457,0
RS102221,7,159345973,2228874,0
RS102221,8,145138636,1788262,0
RS102221,9,138394717,1852194,0
RS102221,10,133797422,1892744,0
RS102221,11,135086622,2026271,0
RS102221,12,133275309,1798554,0
RS102221,13,114364328,1078907,0
RS102221,14,107043718,1259151,0
RS102221,15,101991189,1293548,0
RS102221,16,90338345,1619362,0
RS102221,17,83257441,1771629,0
RS102221,18,80373285,891474,0
RS102221,19,58617616,1537243,0
RS102221,20,64444167,1066102,0
RS102221,21,46709983,1450725,0
RS102221,22,50818468,825914,0
RS102221,X,156040895,1043791,0
RS102221,Y,57227415,343267,0
RS102221,MT,16569,6313826,0
RS102227,1,248956422,2740299,0
RS102227,2,242193529,1425822,0
RS102227,3,198295559,1128371,0
RS102227,4,190214555,865366,0
RS102227,5,181538259,1158889,0
RS102227,6,170805979,961482,0
RS102227,7,159345973,1034297,0
RS102227,8,145138636,793388,0
RS102227,9,138394717,845599,0
RS102227,10,133797422,854354,0
RS102227,11,135086622,1025756,0
RS102227,12,133275309,859305,0
RS102227,13,114364328,471705,0
RS102227,14,107043718,599624,0
RS102227,15,101991189,611621,0
RS102227,16,90338345,812726,0
RS102227,17,83257441,984942,0
RS102227,18,80373285,373170,0
RS102227,19,58617616,896724,0
RS102227,20,64444167,484264,0
RS102227,21,46709983,585627,0
RS102227,22,50818468,417519,0
RS102227,X,156040895,468013,0
RS102227,Y,57227415,108141,0
RS102227,MT,16569,4871743,0
RS102231,1,248956422,5678383,0
RS102231,2,242193529,3764663,0
RS102231,3,198295559,2936676,0
RS102231,4,190214555,2537654,0
RS102231,5,181538259,2911480,0
RS102231,6,170805979,2505466,0
RS102231,7,159345973,2566114,0
RS102231,8,145138636,2139485,0
RS102231,9,138394717,2186953,0
RS102231,10,133797422,2199288,0
RS102231,11,135086622,2319672,0
RS102231,12,133275309,2107331,0
RS102231,13,114364328,1309475,0
RS102231,14,107043718,1483852,0
RS102231,15,101991189,1517577,0
RS102231,16,90338345,2005074,0
RS102231,17,83257441,1963746,0
RS102231,18,80373285,1069298,0
RS102231,19,58617616,1683558,0
RS102231,20,64444167,1207149,0
RS102231,21,46709983,1935474,0
RS102231,22,50818468,984244,0
RS102231,X,156040895,1241615,0
RS102231,Y,57227415,435552,0
RS102231,MT,16569,7035572,0
RS102241,1,248956422,3094922,0
RS102241,2,242193529,1466073,0
RS102241,3,198295559,1164596,0
RS102241,4,190214555,892914,0
RS102241,5,181538259,1207777,0
RS102241,6,170805979,1002064,0
RS102241,7,159345973,1073998,0
RS102241,8,145138636,808614,0
RS102241,9,138394717,836151,0
RS102241,10,133797422,848666,0
RS102241,11,135086622,1082736,0
RS102241,12,133275309,885710,0
RS102241,13,114364328,490666,0
RS102241,14,107043718,622234,0
RS102241,15,101991189,635790,0
RS102241,16,90338345,800156,0
RS102241,17,83257441,1044809,0
RS102241,18,80373285,374622,0
RS102241,19,58617616,991922,0
RS102241,20,64444167,503368,0
RS102241,21,46709983,695900,0
RS102241,22,50818468,431430,0
RS102241,X,156040895,479175,0
RS102241,Y,57227415,99458,0
RS102241,MT,16569,6712342,0
RS102253,1,248956422,3969589,0
RS102253,2,242193529,1832714,0
RS102253,3,198295559,1436342,0
RS102253,4,190214555,1215445,0
RS102253,5,181538259,1628879,0
RS102253,6,170805979,1191237,0
RS102253,7,159345973,1258987,0
RS102253,8,145138636,1029006,0
RS102253,9,138394717,1041094,0
RS102253,10,133797422,1078627,0
RS102253,11,135086622,1216651,0
RS102253,12,133275309,1006318,0
RS102253,13,114364328,671557,0
RS102253,14,107043718,701855,0
RS102253,15,101991189,761148,0
RS102253,16,90338345,868571,0
RS102253,17,83257441,971630,0
RS102253,18,80373285,518294,0
RS102253,19,58617616,723174,0
RS102253,20,64444167,589080,0
RS102253,21,46709983,1450428,0
RS102253,22,50818468,483736,0
RS102253,X,156040895,625428,0
RS102253,Y,57227415,207924,0
RS102253,MT,16569,10219224,0
RS102255,1,248956422,3631462,0
RS102255,2,242193529,2413386,0
RS102255,3,198295559,1878930,0
RS102255,4,190214555,1647292,0
RS102255,5,181538259,1891767,0
RS102255,6,170805979,1612516,0
RS102255,7,159345973,1693575,0
RS102255,8,145138636,1370202,0
RS102255,9,138394717,1413742,0
RS102255,10,133797422,1445386,0
RS102255,11,135086622,1527174,0
RS102255,12,133275309,1364281,0
RS102255,13,114364328,837206,0
RS102255,14,107043718,965340,0
RS102255,15,101991189,1018008,0
RS102255,16,90338345,1264190,0
RS102255,17,83257441,1285075,0
RS102255,18,80373285,697152,0
RS102255,19,58617616,1093759,0
RS102255,20,64444167,785692,0
RS102255,21,46709983,1586397,0
RS102255,22,50818468,652797,0
RS102255,X,156040895,814072,0
RS102255,Y,57227415,281893,0
RS102255,MT,16569,4871177,0
RS102262,1,248956422,8715872,0
RS102262,2,242193529,3471771,0
RS102262,3,198295559,2780891,0
RS102262,4,190214555,2189536,0
RS102262,5,181538259,3173391,0
RS102262,6,170805979,2329932,0
RS102262,7,159345973,2452937,0
RS102262,8,145138636,1883885,0
RS102262,9,138394717,1992360,0
RS102262,10,133797422,1929164,0
RS102262,11,135086622,2547724,0
RS102262,12,133275309,1968685,0
RS102262,13,114364328,1227852,0
RS102262,14,107043718,1377575,0
RS102262,15,101991189,1376116,0
RS102262,16,90338345,1749699,0
RS102262,17,83257441,2131937,0
RS102262,18,80373285,894369,0
RS102262,19,58617616,1924044,0
RS102262,20,64444167,1087910,0
RS102262,21,46709983,1718466,0
RS102262,22,50818468,907004,0
RS102262,X,156040895,1649425,0
RS102262,Y,57227415,131421,0
RS102262,MT,16569,27673777,0
RS102263,1,248956422,4566877,0
RS102263,2,242193529,2766119,0
RS102263,3,198295559,2153656,0
RS102263,4,190214555,1524328,0
RS102263,5,181538259,2000091,0
RS102263,6,170805979,1935448,0
RS102263,7,159345973,1990433,0
RS102263,8,145138636,1496536,0
RS102263,9,138394717,1636640,0
RS102263,10,133797422,1646104,0
RS102263,11,135086622,1962958,0
RS102263,12,133275309,1759237,0
RS102263,13,114364328,807506,0
RS102263,14,107043718,1187676,0
RS102263,15,101991189,1248422,0
RS102263,16,90338345,1595364,0
RS102263,17,83257441,2099930,0
RS102263,18,80373285,672057,0
RS102263,19,58617616,1996607,0
RS102263,20,64444167,968213,0
RS102263,21,46709983,1236457,0
RS102263,22,50818468,829303,0
RS102263,X,156040895,1095531,0
RS102263,Y,57227415,48619,0
RS102263,MT,16569,5211914,0
RS102270,1,248956422,4351066,0
RS102270,2,242193529,3336073,0
RS102270,3,198295559,2615007,0
RS102270,4,190214555,2465102,0
RS102270,5,181538259,2562590,0
RS102270,6,170805979,2199350,0
RS102270,7,159345973,2291102,0
RS102270,8,145138636,1922529,0
RS102270,9,138394717,1942905,0
RS102270,10,133797422,2007996,0
RS102270,11,135086622,1987637,0
RS102270,12,133275309,1799962,0
RS102270,13,114364328,1203346,0
RS102270,14,107043718,1277074,0
RS102270,15,101991189,1329569,0
RS102270,16,90338345,1608801,0
RS102270,17,83257441,1553650,0
RS102270,18,80373285,1005806,0
RS102270,19,58617616,1198771,0
RS102270,20,64444167,1060448,0
RS102270,21,46709983,1645728,0
RS102270,22,50818468,849955,0
RS102270,X,156040895,1471541,0
RS102270,Y,57227415,345625,0
RS102270,MT,16569,4144260,0
RS102271,1,248956422,3437011,0
RS102271,2,242193529,2186853,0
RS102271,3,198295559,1719746,0
RS102271,4,190214555,1371263,0
RS102271,5,181538259,1660418,0
RS102271,6,170805979,1511845,0
RS102271,7,159345973,1576449,0
RS102271,8,145138636,1218262,0
RS102271,9,138394717,1309664,0
RS102271,10,133797422,1326899,0
RS102271,11,135086622,1467493,0
RS102271,12,133275309,1305074,0
RS102271,13,114364328,704183,0
RS102271,14,107043718,896344,0
RS102271,15,101991189,948722,0
RS102271,16,90338345,1209483,0
RS102271,17,83257441,1413539,0
RS102271,18,80373285,590176,0
RS102271,19,58617616,1266709,0
RS102271,20,64444167,759157,0
RS102271,21,46709983,1261349,0
RS102271,22,50818468,634004,0
RS102271,X,156040895,1064757,0
RS102271,Y,57227415,76731,0
RS102271,MT,16569,3822197,0
RS102276,1,248956422,4447626,0
RS102276,2,242193529,2650285,0
RS102276,3,198295559,2088005,0
RS102276,4,190214555,1703839,0
RS102276,5,181538259,2048962,0
RS102276,6,170805979,1798724,0
RS102276,7,159345973,1889181,0
RS102276,8,145138636,1492026,0
RS102276,9,138394717,1558617,0
RS102276,10,133797422,1574177,0
RS102276,11,135086622,1794905,0
RS102276,12,133275309,1562010,0
RS102276,13,114364328,879465,0
RS102276,14,107043718,1068060,0
RS102276,15,101991189,1121860,0
RS102276,16,90338345,1392413,0
RS102276,17,83257441,1652640,0
RS102276,18,80373285,719611,0
RS102276,19,58617616,1464081,0
RS102276,20,64444167,875731,0
RS102276,21,46709983,1265792,0
RS102276,22,50818468,732779,0
RS102276,X,156040895,853702,0
RS102276,Y,57227415,235598,0
RS102276,MT,16569,7359770,0
RS102283,1,248956422,10485106,0
RS102283,2,242193529,5864733,0
RS102283,3,198295559,4535456,0
RS102283,4,190214555,3038415,0
RS102283,5,181538259,4209598,0
RS102283,6,170805979,4115350,0
RS102283,7,159345973,4444335,0
RS102283,8,145138636,3225500,0
RS102283,9,138394717,3622076,0
RS102283,10,133797422,3605355,0
RS102283,11,135086622,4479028,0
RS102283,12,133275309,3888019,0
RS102283,13,114364328,1656394,0
RS102283,14,107043718,2598884,0
RS102283,15,101991189,2743306,0
RS102283,16,90338345,3824081,0
RS102283,17,83257441,4998544,0
RS102283,18,80373285,1394667,0
RS102283,19,58617616,5036409,0
RS102283,20,64444167,2221752,0
RS102283,21,46709983,3103211,0
RS102283,22,50818468,2055053,0
RS102283,X,156040895,2296841,0
RS102283,Y,57227415,71872,0
RS102283,MT,16569,12063399,0
RS102285,1,248956422,3555410,0
RS102285,2,242193529,1839543,0
RS102285,3,198295559,1454458,0
RS102285,4,190214555,1189829,0
RS102285,5,181538259,1533397,0
RS102285,6,170805979,1230521,0
RS102285,7,159345973,1304158,0
RS102285,8,145138636,1033775,0
RS102285,9,138394717,1059471,0
RS102285,10,133797422,1068373,0
RS102285,11,135086622,1276463,0
RS102285,12,133275309,1059486,0
RS102285,13,114364328,647917,0
RS102285,14,107043718,744589,0
RS102285,15,101991189,762996,0
RS102285,16,90338345,981575,0
RS102285,17,83257441,1120933,0
RS102285,18,80373285,505274,0
RS102285,19,58617616,967731,0
RS102285,20,64444167,594998,0
RS102285,21,46709983,1029490,0
RS102285,22,50818468,496845,0
RS102285,X,156040895,940202,0
RS102285,Y,57227415,67894,0
RS102285,MT,16569,7807492,0
RS102286,1,248956422,2774922,0
RS102286,2,242193529,1518492,0
RS102286,3,198295559,1195892,0
RS102286,4,190214555,876542,0
RS102286,5,181538259,1177493,0
RS102286,6,170805979,1049468,0
RS102286,7,159345973,1108916,0
RS102286,8,145138636,843123,0
RS102286,9,138394717,908639,0
RS102286,10,133797422,913610,0
RS102286,11,135086622,1087962,0
RS102286,12,133275309,943801,0
RS102286,13,114364328,477196,0
RS102286,14,107043718,638769,0
RS102286,15,101991189,678028,0
RS102286,16,90338345,885719,0
RS102286,17,83257441,1105349,0
RS102286,18,80373285,389739,0
RS102286,19,58617616,1049323,0
RS102286,20,64444167,537137,0
RS102286,21,46709983,822251,0
RS102286,22,50818468,451840,0
RS102286,X,156040895,652919,0
RS102286,Y,57227415,39628,0
RS102286,MT,16569,4652668,0
RS102289,1,248956422,15305504,0
RS102289,2,242193529,8455269,0
RS102289,3,198295559,6443705,0
RS102289,4,190214555,4925405,0
RS102289,5,181538259,6555470,0
RS102289,6,170805979,5589111,0
RS102289,7,159345973,6279177,0
RS102289,8,145138636,4710923,0
RS102289,9,138394717,5283520,0
RS102289,10,133797422,5128731,0
RS102289,11,135086622,6152130,0
RS102289,12,133275309,5076046,0
RS102289,13,114364328,2721479,0
RS102289,14,107043718,3600928,0
RS102289,15,101991189,3875572,0
RS102289,16,90338345,5300329,0
RS102289,17,83257441,6201502,0
RS102289,18,80373285,2194540,0
RS102289,19,58617616,5971422,0
RS102289,20,64444167,3067644,0
RS102289,21,46709983,7152264,0
RS102289,22,50818468,2872008,0
RS102289,X,156040895,3892142,0
RS102289,Y,57227415,385820,0
RS102289,MT,16569,26021698,0
RS102290,1,248956422,4801625,0
RS102290,2,242193529,2836555,0
RS102290,3,198295559,2237816,0
RS102290,4,190214555,1676760,0
RS102290,5,181538259,2098776,0
RS102290,6,170805979,1964784,0
RS102290,7,159345973,2066559,0
RS102290,8,145138636,1584945,0
RS102290,9,138394717,1723230,0
RS102290,10,133797422,1722287,0
RS102290,11,135086622,2031096,0
RS102290,12,133275309,1776953,0
RS102290,13,114364328,896121,0
RS102290,14,107043718,1217881,0
RS102290,15,101991189,1287073,0
RS102290,16,90338345,1728891,0
RS102290,17,83257441,2074842,0
RS102290,18,80373285,743123,0
RS102290,19,58617616,1976073,0
RS102290,20,64444167,1013284,0
RS102290,21,46709983,1285898,0
RS102290,22,50818468,888369,0
RS102290,X,156040895,914836,0
RS102290,Y,57227415,195047,0
RS102290,MT,16569,6359719,0
RS102292,1,248956422,2685356,0
RS102292,2,242193529,1782588,0
RS102292,3,198295559,1369078,0
RS102292,4,190214555,1093817,0
RS102292,5,181538259,1303522,0
RS102292,6,170805979,1210531,0
RS102292,7,159345973,1248442,0
RS102292,8,145138636,976856,0
RS102292,9,138394717,1041924,0
RS102292,10,133797422,1062679,0
RS102292,11,135086622,1196153,0
RS102292,12,133275309,1062511,0
RS102292,13,114364328,551469,0
RS102292,14,107043718,726456,0
RS102292,15,101991189,744735,0
RS102292,16,90338345,953663,0
RS102292,17,83257441,1147238,0
RS102292,18,80373285,468023,0
RS102292,19,58617616,1067387,0
RS102292,20,64444167,595455,0
RS102292,21,46709983,685262,0
RS102292,22,50818468,495541,0
RS102292,X,156040895,567171,0
RS102292,Y,57227415,136059,0
RS102292,MT,16569,2530854,0
RS102294,1,248956422,3355442,0
RS102294,2,242193529,1659705,0
RS102294,3,198295559,1318032,0
RS102294,4,190214555,967037,0
RS102294,5,181538259,1332221,0
RS102294,6,170805979,1137730,0
RS102294,7,159345973,1243723,0
RS102294,8,145138636,905831,0
RS102294,9,138394717,981623,0
RS102294,10,133797422,959309,0
RS102294,11,135086622,1213765,0
RS102294,12,133275309,1020489,0
RS102294,13,114364328,533376,0
RS102294,14,107043718,706968,0
RS102294,15,101991189,712167,0
RS102294,16,90338345,943557,0
RS102294,17,83257441,1205464,0
RS102294,18,80373285,418276,0
RS102294,19,58617616,1126326,0
RS102294,20,64444167,575084,0
RS102294,21,46709983,997538,0
RS102294,22,50818468,499859,0
RS102294,X,156040895,726527,0
RS102294,Y,57227415,49245,0
RS102294,MT,16569,7268215,0
RS102297,1,248956422,2779450,0
RS102297,2,242193529,1938106,0
RS102297,3,198295559,1536935,0
RS102297,4,190214555,1277454,0
RS102297,5,181538259,1456875,0
RS102297,6,170805979,1308134,0
RS102297,7,159345973,1376581,0
RS102297,8,145138636,1092121,0
RS102297,9,138394717,1122345,0
RS102297,10,133797422,1155801,0
RS102297,11,135086622,1242699,0
RS102297,12,133275309,1123278,0
RS102297,13,114364328,649913,0
RS102297,14,107043718,774032,0
RS102297,15,101991189,813059,0
RS102297,16,90338345,999249,0
RS102297,17,83257441,1089367,0
RS102297,18,80373285,543500,0
RS102297,19,58617616,959906,0
RS102297,20,64444167,632662,0
RS102297,21,46709983,983558,0
RS102297,22,50818468,510510,0
RS102297,X,156040895,631086,0
RS102297,Y,57227415,184049,0
RS102297,MT,16569,3133836,0
RS102299,1,248956422,8946773,0
RS102299,2,242193529,3730379,0
RS102299,3,198295559,2994598,0
RS102299,4,190214555,2460086,0
RS102299,5,181538259,3477666,0
RS102299,6,170805979,2497301,0
RS102299,7,159345973,2659284,0
RS102299,8,145138636,2094283,0
RS102299,9,138394717,2107789,0
RS102299,10,133797422,2145776,0
RS102299,11,135086622,2668178,0
RS102299,12,133275309,2151890,0
RS102299,13,114364328,1371044,0
RS102299,14,107043718,1519380,0
RS102299,15,101991189,1499275,0
RS102299,16,90338345,1889871,0
RS102299,17,83257441,2177137,0
RS102299,18,80373285,1024764,0
RS102299,19,58617616,1887634,0
RS102299,20,64444167,1182769,0
RS102299,21,46709983,2278727,0
RS102299,22,50818468,959643,0
RS102299,X,156040895,1949628,0
RS102299,Y,57227415,162531,0
RS102299,MT,16569,24264781,0
RS102309,1,248956422,5883816,0
RS102309,2,242193529,3789778,0
RS102309,3,198295559,2951956,0
RS102309,4,190214555,2492124,0
RS102309,5,181538259,2917983,0
RS102309,6,170805979,2520915,0
RS102309,7,159345973,2670775,0
RS102309,8,145138636,2138690,0
RS102309,9,138394717,2228098,0
RS102309,10,133797422,2274463,0
RS102309,11,135086622,2441143,0
RS102309,12,133275309,2149412,0
RS102309,13,114364328,1306967,0
RS102309,14,107043718,1515985,0
RS102309,15,101991189,1586099,0
RS102309,16,90338345,1989287,0
RS102309,17,83257441,2121078,0
RS102309,18,80373285,1072725,0
RS102309,19,58617616,1825871,0
RS102309,20,64444167,1236436,0
RS102309,21,46709983,2113222,0
RS102309,22,50818468,1045972,0
RS102309,X,156040895,1981324,0
RS102309,Y,57227415,170162,0
RS102309,MT,16569,9076746,0
RS102310,1,248956422,11139934,0
RS102310,2,242193529,5798422,0
RS102310,3,198295559,4592650,0
RS102310,4,190214555,3331620,0
RS102310,5,181538259,4723478,0
RS102310,6,170805979,3989973,0
RS102310,7,159345973,4293041,0
RS102310,8,145138636,3173976,0
RS102310,9,138394717,3414904,0
RS102310,10,133797422,3428732,0
RS102310,11,135086622,4179900,0
RS102310,12,133275309,3553161,0
RS102310,13,114364328,1850678,0
RS102310,14,107043718,2442531,0
RS102310,15,101991189,2555595,0
RS102310,16,90338345,3327005,0
RS102310,17,83257441,4248364,0
RS102310,18,80373285,1497796,0
RS102310,19,58617616,3882120,0
RS102310,20,64444167,2008694,0
RS102310,21,46709983,2777427,0
RS102310,22,50818468,1745020,0
RS102310,X,156040895,2543351,0
RS102310,Y,57227415,137583,0
RS102310,MT,16569,18234894,0
RS102329,1,248956422,8946064,0
RS102329,2,242193529,3351560,0
RS102329,3,198295559,2770657,0
RS102329,4,190214555,2137556,0
RS102329,5,181538259,3167298,0
RS102329,6,170805979,2262625,0
RS102329,7,159345973,2425780,0
RS102329,8,145138636,1863298,0
RS102329,9,138394717,1917744,0
RS102329,10,133797422,1904449,0
RS102329,11,135086622,2508296,0
RS102329,12,133275309,1968893,0
RS102329,13,114364328,1213675,0
RS102329,14,107043718,1382172,0
RS102329,15,101991189,1359363,0
RS102329,16,90338345,1708387,0
RS102329,17,83257441,2043851,0
RS102329,18,80373285,905424,0
RS102329,19,58617616,1843767,0
RS102329,20,64444167,1071478,0
RS102329,21,46709983,1909574,0
RS102329,22,50818468,887443,0
RS102329,X,156040895,1698354,0
RS102329,Y,57227415,133782,0
RS102329,MT,16569,29887235,0
RS102332,1,248956422,3753898,0
RS102332,2,242193529,2243279,0
RS102332,3,198295559,1749481,0
RS102332,4,190214555,1207654,0
RS102332,5,181538259,1575462,0
RS102332,6,170805979,1572555,0
RS102332,7,159345973,1669405,0
RS102332,8,145138636,1210114,0
RS102332,9,138394717,1338528,0
RS102332,10,133797422,1357666,0
RS102332,11,135086622,1647047,0
RS102332,12,133275309,1447448,0
RS102332,13,114364328,647683,0
RS102332,14,107043718,969859,0
RS102332,15,101991189,1017124,0
RS102332,16,90338345,1375414,0
RS102332,17,83257441,1789169,0
RS102332,18,80373285,550740,0
RS102332,19,58617616,1728396,0
RS102332,20,64444167,819509,0
RS102332,21,46709983,935779,0
RS102332,22,50818468,715342,0
RS102332,X,156040895,879952,0
RS102332,Y,57227415,35791,0
RS102332,MT,16569,3616681,0
RS102342,1,248956422,6434274,0
RS102342,2,242193529,5361448,0
RS102342,3,198295559,4237394,0
RS102342,4,190214555,3995493,0
RS102342,5,181538259,4082672,0
RS102342,6,170805979,3558111,0
RS102342,7,159345973,3702073,0
RS102342,8,145138636,3153067,0
RS102342,9,138394717,3044883,0
RS102342,10,133797422,3244172,0
RS102342,11,135086622,3104984,0
RS102342,12,133275309,2881698,0
RS102342,13,114364328,1939595,0
RS102342,14,107043718,2041968,0
RS102342,15,101991189,2112218,0
RS102342,16,90338345,2664640,0
RS102342,17,83257441,2345151,0
RS102342,18,80373285,1643778,0
RS102342,19,58617616,1740447,0
RS102342,20,64444167,1694188,0
RS102342,21,46709983,2397958,0
RS102342,22,50818468,1279858,0
RS102342,X,156040895,3304533,0
RS102342,Y,57227415,312492,0
RS102342,MT,16569,3814034,0
RS102349,1,248956422,3714990,0
RS102349,2,242193529,2581524,0
RS102349,3,198295559,2005249,0
RS102349,4,190214555,1744175,0
RS102349,5,181538259,1947467,0
RS102349,6,170805979,1711021,0
RS102349,7,159345973,1820453,0
RS102349,8,145138636,1479159,0
RS102349,9,138394717,1515735,0
RS102349,10,133797422,1535474,0
RS102349,11,135086622,1606045,0
RS102349,12,133275309,1434404,0
RS102349,13,114364328,889174,0
RS102349,14,107043718,1005363,0
RS102349,15,101991189,1059945,0
RS102349,16,90338345,1332734,0
RS102349,17,83257441,1382101,0
RS102349,18,80373285,745089,0
RS102349,19,58617616,1130144,0
RS102349,20,64444167,846068,0
RS102349,21,46709983,1819211,0
RS102349,22,50818468,695378,0
RS102349,X,156040895,1420895,0
RS102349,Y,57227415,124156,0
RS102349,MT,16569,4473474,0
RS102351,1,248956422,17084812,0
RS102351,2,242193529,8566497,0
RS102351,3,198295559,6633253,0
RS102351,4,190214555,4431421,0
RS102351,5,181538259,6663222,0
RS102351,6,170805979,5847269,0
RS102351,7,159345973,6710660,0
RS102351,8,145138636,4598851,0
RS102351,9,138394717,5314622,0
RS102351,10,133797422,5084798,0
RS102351,11,135086622,6653310,0
RS102351,12,133275309,5532478,0
RS102351,13,114364328,2500754,0
RS102351,14,107043718,3901202,0
RS102351,15,101991189,4097691,0
RS102351,16,90338345,5799137,0
RS102351,17,83257441,7459433,0
RS102351,18,80373285,2003498,0
RS102351,19,58617616,7744811,0
RS102351,20,64444167,3219024,0
RS102351,21,46709983,5389727,0
RS102351,22,50818468,3023261,0
RS102351,X,156040895,2776265,0
RS102351,Y,57227415,363363,0
RS102351,MT,16569,25264047,0
RS102352,1,248956422,4470238,0
RS102352,2,242193529,2983180,0
RS102352,3,198295559,2347046,0
RS102352,4,190214555,2047900,0
RS102352,5,181538259,2321162,0
RS102352,6,170805979,2018745,0
RS102352,7,159345973,2072241,0
RS102352,8,145138636,1700892,0
RS102352,9,138394717,1735052,0
RS102352,10,133797422,1764805,0
RS102352,11,135086622,1884386,0
RS102352,12,133275309,1686502,0
RS102352,13,114364328,1038659,0
RS102352,14,107043718,1181380,0
RS102352,15,101991189,1202004,0
RS102352,16,90338345,1529793,0
RS102352,17,83257441,1587887,0
RS102352,18,80373285,853758,0
RS102352,19,58617616,1344035,0
RS102352,20,64444167,953095,0
RS102352,21,46709983,1778531,0
RS102352,22,50818468,774969,0
RS102352,X,156040895,1609210,0
RS102352,Y,57227415,135337,0
RS102352,MT,16569,6342757,0
RS102358,1,248956422,22753232,0
RS102358,2,242193529,9790628,0
RS102358,3,198295559,7683775,0
RS102358,4,190214555,5068474,0
RS102358,5,181538259,8209393,0
RS102358,6,170805979,6577800,0
RS102358,7,159345973,7464476,0
RS102358,8,145138636,5287189,0
RS102358,9,138394717,6048105,0
RS102358,10,133797422,5779031,0
RS102358,11,135086622,7980672,0
RS102358,12,133275309,6318360,0
RS102358,13,114364328,3075855,0
RS102358,14,107043718,4453555,0
RS102358,15,101991189,4571681,0
RS102358,16,90338345,6453718,0
RS102358,17,83257441,8616051,0
RS102358,18,80373285,2372667,0
RS102358,19,58617616,8556086,0
RS102358,20,64444167,3622152,0
RS102358,21,46709983,6246034,0
RS102358,22,50818468,3320877,0
RS102358,X,156040895,3200587,0
RS102358,Y,57227415,476593,0
RS102358,MT,16569,50771472,0
RS102360,1,248956422,2621987,0
RS102360,2,242193529,1527410,0
RS102360,3,198295559,1198282,0
RS102360,4,190214555,906598,0
RS102360,5,181538259,1198244,0
RS102360,6,170805979,1049175,0
RS102360,7,159345973,1101055,0
RS102360,8,145138636,822363,0
RS102360,9,138394717,886367,0
RS102360,10,133797422,887921,0
RS102360,11,135086622,1047705,0
RS102360,12,133275309,924452,0
RS102360,13,114364328,490153,0
RS102360,14,107043718,646715,0
RS102360,15,101991189,660977,0
RS102360,16,90338345,874243,0
RS102360,17,83257441,1042336,0
RS102360,18,80373285,394968,0
RS102360,19,58617616,990231,0
RS102360,20,64444167,513335,0
RS102360,21,46709983,700601,0
RS102360,22,50818468,443762,0
RS102360,X,156040895,702007,0
RS102360,Y,57227415,41682,0
RS102360,MT,16569,3516170,0
RS102377,1,248956422,5190661,0
RS102377,2,242193529,3619407,0
RS102377,3,198295559,2838854,0
RS102377,4,190214555,2531778,0
RS102377,5,181538259,2758583,0
RS102377,6,170805979,2383904,0
RS102377,7,159345973,2535374,0
RS102377,8,145138636,2083781,0
RS102377,9,138394717,2089768,0
RS102377,10,133797422,2151245,0
RS102377,11,135086622,2218581,0
RS102377,12,133275309,1974379,0
RS102377,13,114364328,1275478,0
RS102377,14,107043718,1390184,0
RS102377,15,101991189,1468212,0
RS102377,16,90338345,1831730,0
RS102377,17,83257441,1807399,0
RS102377,18,80373285,1068612,0
RS102377,19,58617616,1473177,0
RS102377,20,64444167,1167013,0
RS102377,21,46709983,2187993,0
RS102377,22,50818468,935842,0
RS102377,X,156040895,1193912,0
RS102377,Y,57227415,468694,0
RS102377,MT,16569,6760526,0
RS102407,1,248956422,2460592,0
RS102407,2,242193529,1595282,0
RS102407,3,198295559,1251103,0
RS102407,4,190214555,943463,0
RS102407,5,181538259,1165127,0
RS102407,6,170805979,1110680,0
RS102407,7,159345973,1112634,0
RS102407,8,145138636,876546,0
RS102407,9,138394717,943945,0
RS102407,10,133797422,946894,0
RS102407,11,135086622,1083713,0
RS102407,12,133275309,981841,0
RS102407,13,114364328,503290,0
RS102407,14,107043718,668661,0
RS102407,15,101991189,707993,0
RS102407,16,90338345,883826,0
RS102407,17,83257441,1089797,0
RS102407,18,80373285,408496,0
RS102407,19,58617616,1022037,0
RS102407,20,64444167,550911,0
RS102407,21,46709983,645091,0
RS102407,22,50818468,456456,0
RS102407,X,156040895,491403,0
RS102407,Y,57227415,101749,0
RS102407,MT,16569,2585936,0
RS102052,1,248956422,10291158,0
RS102052,2,242193529,7688124,0
RS102052,3,198295559,6426475,0
RS102052,4,190214555,5577829,0
RS102052,5,181538259,6064015,0
RS102052,6,170805979,5285236,0
RS102052,7,159345973,5264678,0
RS102052,8,145138636,4424100,0
RS102052,9,138394717,4286485,0
RS102052,10,133797422,4387009,0
RS102052,11,135086622,4680544,0
RS102052,12,133275309,4238813,0
RS102052,13,114364328,2674479,0
RS102052,14,107043718,2888599,0
RS102052,15,101991189,2838787,0
RS102052,16,90338345,3491472,0
RS102052,17,83257441,3596393,0
RS102052,18,80373285,2155387,0
RS102052,19,58617616,2954702,0
RS102052,20,64444167,2161372,0
RS102052,21,46709983,2567169,0
RS102052,22,50818468,1638848,0
RS102052,X,156040895,4181841,0
RS102052,Y,57227415,341633,0
RS102052,MT,16569,11785578,0
RS102057,1,248956422,10850837,0
RS102057,2,242193529,4921600,0
RS102057,3,198295559,3900561,0
RS102057,4,190214555,3231629,0
RS102057,5,181538259,4488640,0
RS102057,6,170805979,3314900,0
RS102057,7,159345973,3476045,0
RS102057,8,145138636,2717032,0
RS102057,9,138394717,2820685,0
RS102057,10,133797422,2778245,0
RS102057,11,135086622,3380477,0
RS102057,12,133275309,2830999,0
RS102057,13,114364328,1787191,0
RS102057,14,107043718,1946914,0
RS102057,15,101991189,2016704,0
RS102057,16,90338345,2455155,0
RS102057,17,83257441,2832881,0
RS102057,18,80373285,1355259,0
RS102057,19,58617616,2484957,0
RS102057,20,64444167,1531123,0
RS102057,21,46709983,2822001,0
RS102057,22,50818468,1251820,0
RS102057,X,156040895,1670012,0
RS102057,Y,57227415,472966,0
RS102057,MT,16569,26732166,0
RS102060,1,248956422,9305106,0
RS102060,2,242193529,6597234,0
RS102060,3,198295559,5187464,0
RS102060,4,190214555,4679618,0
RS102060,5,181538259,5011787,0
RS102060,6,170805979,4499000,0
RS102060,7,159345973,4647326,0
RS102060,8,145138636,3934701,0
RS102060,9,138394717,3829694,0
RS102060,10,133797422,3928540,0
RS102060,11,135086622,4077389,0
RS102060,12,133275309,3712310,0
RS102060,13,114364328,2403892,0
RS102060,14,107043718,2662066,0
RS102060,15,101991189,2607885,0
RS102060,16,90338345,3240650,0
RS102060,17,83257441,3325636,0
RS102060,18,80373285,1927399,0
RS102060,19,58617616,2669041,0
RS102060,20,64444167,2049338,0
RS102060,21,46709983,3293760,0
RS102060,22,50818468,1684478,0
RS102060,X,156040895,2216646,0
RS102060,Y,57227415,848335,0
RS102060,MT,16569,10091341,0
RS102069,1,248956422,8944954,0
RS102069,2,242193529,4062447,0
RS102069,3,198295559,3313644,0
RS102069,4,190214555,2675543,0
RS102069,5,181538259,3632661,0
RS102069,6,170805979,2702355,0
RS102069,7,159345973,2881929,0
RS102069,8,145138636,2218010,0
RS102069,9,138394717,2346592,0
RS102069,10,133797422,2286429,0
RS102069,11,135086622,2757998,0
RS102069,12,133275309,2305603,0
RS102069,13,114364328,1454424,0
RS102069,14,107043718,1601329,0
RS102069,15,101991189,1626848,0
RS102069,16,90338345,2047726,0
RS102069,17,83257441,2330180,0
RS102069,18,80373285,1095187,0
RS102069,19,58617616,1998814,0
RS102069,20,64444167,1256644,0
RS102069,21,46709983,2470718,0
RS102069,22,50818468,1044572,0
RS102069,X,156040895,1447764,0
RS102069,Y,57227415,396750,0
RS102069,MT,16569,22598688,0
RS102070,1,248956422,7244389,0
RS102070,2,242193529,5258136,0
RS102070,3,198295559,4141347,0
RS102070,4,190214555,3662394,0
RS102070,5,181538259,4033066,0
RS102070,6,170805979,3510263,0
RS102070,7,159345973,3586199,0
RS102070,8,145138636,3164887,0
RS102070,9,138394717,3026460,0
RS102070,10,133797422,3222643,0
RS102070,11,135086622,3065765,0
RS102070,12,133275309,2898827,0
RS102070,13,114364328,1769792,0
RS102070,14,107043718,1996569,0
RS102070,15,101991189,2056446,0
RS102070,16,90338345,2554734,0
RS102070,17,83257441,2641221,0
RS102070,18,80373285,1511495,0
RS102070,19,58617616,2063287,0
RS102070,20,64444167,1642775,0
RS102070,21,46709983,2326020,0
RS102070,22,50818468,1252462,0
RS102070,X,156040895,2903675,0
RS102070,Y,57227415,286053,0
RS102070,MT,16569,8465226,0
RS102076,1,248956422,5385955,0
RS102076,2,242193529,4058146,0
RS102076,3,198295559,3131936,0
RS102076,4,190214555,3033229,0
RS102076,5,181538259,3263083,0
RS102076,6,170805979,2788320,0
RS102076,7,159345973,2835943,0
RS102076,8,145138636,2323648,0
RS102076,9,138394717,2194854,0
RS102076,10,133797422,2355066,0
RS102076,11,135086622,2499942,0
RS102076,12,133275309,2273171,0
RS102076,13,114364328,1543923,0
RS102076,14,107043718,1586724,0
RS102076,15,101991189,1588716,0
RS102076,16,90338345,1780082,0
RS102076,17,83257441,1883694,0
RS102076,18,80373285,1128824,0
RS102076,19,58617616,1494123,0
RS102076,20,64444167,1163214,0
RS102076,21,46709983,1543389,0
RS102076,22,50818468,911042,0
RS102076,X,156040895,1482310,0
RS102076,Y,57227415,446262,0
RS102076,MT,16569,5916559,0
RS102083,1,248956422,9145910,0
RS102083,2,242193529,4126103,0
RS102083,3,198295559,3387795,0
RS102083,4,190214555,2746695,0
RS102083,5,181538259,3662647,0
RS102083,6,170805979,2820472,0
RS102083,7,159345973,2960040,0
RS102083,8,145138636,2304822,0
RS102083,9,138394717,2359077,0
RS102083,10,133797422,2425935,0
RS102083,11,135086622,2864220,0
RS102083,12,133275309,2372816,0
RS102083,13,114364328,1516316,0
RS102083,14,107043718,1665332,0
RS102083,15,101991189,1676004,0
RS102083,16,90338345,2075905,0
RS102083,17,83257441,2325953,0
RS102083,18,80373285,1157421,0
RS102083,19,58617616,2006730,0
RS102083,20,64444167,1301535,0
RS102083,21,46709983,3069905,0
RS102083,22,50818468,1074989,0
RS102083,X,156040895,2167704,0
RS102083,Y,57227415,200493,0
RS102083,MT,16569,24540218,0
RS102096,1,248956422,23078899,0
RS102096,2,242193529,13916449,0
RS102096,3,198295559,11205966,0
RS102096,4,190214555,8876140,0
RS102096,5,181538259,10596340,0
RS102096,6,170805979,9666883,0
RS102096,7,159345973,10015346,0
RS102096,8,145138636,7590411,0
RS102096,9,138394717,7954389,0
RS102096,10,133797422,7942253,0
RS102096,11,135086622,9432889,0
RS102096,12,133275309,8286842,0
RS102096,13,114364328,4591702,0
RS102096,14,107043718,5792345,0
RS102096,15,101991189,5634594,0
RS102096,16,90338345,6999990,0
RS102096,17,83257441,8349261,0
RS102096,18,80373285,3825217,0
RS102096,19,58617616,7488313,0
RS102096,20,64444167,4409506,0
RS102096,21,46709983,6004012,0
RS102096,22,50818468,3577130,0
RS102096,X,156040895,6662469,0
RS102096,Y,57227415,442334,0
RS102096,MT,16569,37648811,0
