RSID,align,assign,pct.assign
RS102054,16147484,690397,4.2755701135854975
RS102056,45221006,2909877,6.434790504218327
RS102062,39690654,1380777,3.4788466826472546
RS102071,27155657,2193784,8.078552472510609
RS102073,16268443,825295,5.072980862397219
RS102078,17513408,700764,4.001300032523653
RS102097,13709010,582898,4.251933582366633
RS102104,34936167,1943516,5.563048745444799
RS102111,49146101,2986557,6.076895092857926
RS102124,16115640,982337,6.095550657622037
RS102126,15421970,1072225,6.95258128501093
RS102127,18461131,1279920,6.933053018257657
RS102128,10391643,732487,7.04880835494445
RS102133,50547054,2030504,4.017057057370742
RS102134,20084108,982662,4.892734096032545
RS102136,19274348,1097720,5.695238043849784
RS102161,14147730,1025507,7.248562136823364
RS102174,26947710,1489498,5.527363920719052
RS102177,18353979,892815,4.8644220416728166
RS102180,15350936,1054750,6.870916535643169
RS102181,19326096,1070365,5.5384439775110295
RS102198,21234403,564971,2.6606399059111765
RS102207,34387296,1129690,3.285195788584249
RS102209,31170549,1075523,3.4504461246415645
RS102221,25406336,1129793,4.446894664386081
RS102227,12933130,692382,5.3535532388524665
RS102231,29850336,1199101,4.017043560246692
RS102241,14383441,779718,5.420942040225285
RS102253,18963418,449290,2.3692458817287054
RS102255,19741027,782329,3.962959981767919
RS102262,40339197,1568589,3.8884983258342998
RS102263,22646365,1741959,7.6920026679778415
RS102270,25064792,782799,3.123101919218001
RS102271,17917729,1020333,5.6945442137226205
RS102276,22697774,1116156,4.917468999382935
RS102283,50812901,4262427,8.38847402158755
RS102285,17574333,713487,4.059824062739678
RS102286,13692480,863906,6.309346444179578
RS102289,79538187,4415288,5.551154943976784
RS102290,24069953,1569867,6.522102473569433
RS102292,13647492,889669,6.518919373610917
RS102294,16311960,896695,5.497162817956886
RS102297,15107698,739391,4.894134103024829
RS102299,41042481,1459296,3.5555745277679485
RS102309,31789467,1340908,4.218088966386256
RS102310,52410467,3291237,6.279732252719672
RS102329,41402366,1495289,3.6116027765176515
RS102332,18243645,1474153,8.080364422789415
RS102342,38538932,1125595,2.9206699344963685
RS102349,20859579,786462,3.7702678467288337
RS102351,80032170,6085118,7.6033400068997254
RS102352,24541672,983112,4.005888433355316
RS102358,104412085,6794303,6.507199813125081
RS102360,12879754,816700,6.340959617706984
RS102377,28750550,1009217,3.510252847336834
RS102407,12545829,856115,6.82390139384173
RS102052,57447861,2529283,4.4027452997771315
RS102057,50254639,1904448,3.7895964191484888
RS102060,50940320,1931288,3.791275751703169
RS102069,41851038,1524608,3.6429395132326228
RS102070,40379528,1530608,3.7905544611616064
RS102076,30171869,1237546,4.101655088055699
RS102083,44351071,1556491,3.5094778207272603
RS102096,117608049,6547652,5.567350241478795
