group,site,probeID,FDR,CHR,start,end,gene,annotation.group,LTBI_mean,RSTR_mean
DAR,ID_chr10_12456263_12457427,NA,0.19506897214657823,10,12456263,12457427,CAMK1D,exon,1.3975980787123374,2.578595522757436
DAR,ID_chr17_21096122_21096807,NA,0.19506897214657823,17,21096122,21096807,LINC01563,IGR,2.123778632612273,0.8703074506979318
DMP,cg12822133,NA,0.0120467189687052,22,22791900,22791901,AC244157.1;IGLL5;IGLV2-11,IGR,1.73490196265893,1.53264287695925
DMP,cg03115019,NA,0.014958440840934,17,82750403,82750404,FN3K,body,3.15744002347497,2.19387904158984
DMP,cg24506916,NA,0.014958440840934,1,211068993,211068994,KCNH1,body,1.08342229563062,0.897923272355582
DMP,cg01966891,NA,0.0205402889935643,15,95327761,95327762,LINC01197,IGR,-0.272659601850258,-0.555845632012303
DMP,cg03071457,NA,0.0205402889935643,17,45166092,45166093,HEXIM2,body,3.45611087615578,3.21614720206111
DMP,cg22738000,NA,0.0205402889935643,10,44971230,44971231,RASSF4,body,3.5348032372305,3.77081157715484
DMP,cg26862091,NA,0.0205402889935643,3,49124055,49124056,LAMB2,body,3.1038822203103,3.31989753472983
DMP,cg25113671,NA,0.0304556137839,13,77425847,77425848,NA,IGR,3.1975934194676,2.93628153328512
DMP,cg04164716,NA,0.0309778034726602,17,45287049,45287050,MAP3K14,body,3.41575495834381,3.60772746401274
DMP,cg04571819,NA,0.0327121553061802,5,178218549,178218550,PHYKPL,body,3.25256480645903,3.02738424868973
DMP,cg08345211,NA,0.0327121553061802,6,168410607,168410608,NA,IGR,3.55511529727776,3.81606397316775
DMP,cg15012692,NA,0.0327121553061802,10,132396399,132396400,PWWP2B,TSS1500,-4.13040687033193,-3.91631570481426
DMP,cg07007050,NA,0.0343070779361789,12,31729356,31729357,AMN1,TSS1500,-3.57630445666516,-3.83307512998399
DMP,cg00025216,NA,0.0523697123624329,5,119445689,119445690,RNA5SP190,IGR,3.81193594343576,3.60969289075523
DMP,cg22873083,NA,0.054118406499689,3,127598731,127598732,MCM2,body,-5.16303504858234,-4.96431951608183
DMP,cg00674807,NA,0.0542239032587653,16,81220802,81220803,PKD1L2,TSS1500,-1.48708462549724,-0.924751074370194
DMP,cg01002284,NA,0.0542239032587653,11,101914463,101914464,ANGPTL5,5'UTR,-2.25284506825269,-1.75241558249201
DMP,cg06442180,NA,0.0542239032587653,4,150280326,150280327,LRBA,body,2.25629199363638,2.0351694304311
DMP,cg02398342,NA,0.0613601075230699,17,82750756,82750757,TBCD,TSS1500,2.5723346376486,1.15262435819629
DMP,cg07707599,NA,0.0613601075230699,2,30147766,30147767,YPEL5,5'UTR,-3.82018488971998,-3.65623656170614
DMP,cg08491291,NA,0.0613601075230699,1,18138593,18138594,IGSF21,body,1.97051619903197,1.62567985597924
DMP,cg08504407,NA,0.0613601075230699,17,79401524,79401525,HRNBP3,5'UTR,-1.3256024425235,-1.58555830827955
DMP,cg08650596,NA,0.0613601075230699,3,183826845,183826846,MAP6D1,TSS1500,3.81918239991967,3.99273315176277
DMP,cg13363525,NA,0.0613601075230699,12,53220703,53220704,RARG,body,-5.50819414987191,-5.28340831754368
DMP,cg17069650,NA,0.0613601075230699,7,74249206,74249207,RFC2,body,3.33631125605625,3.54665875002829
DMP,cg18359985,NA,0.0613601075230699,3,120022953,120022954,GSK3B,body,3.94305899671202,3.73488946732313
DMP,cg18535130,NA,0.0613601075230699,20,45995558,45995559,NA,IGR,3.02193996315807,2.80076143188258
DMP,cg21168038,NA,0.0613601075230699,9,128833429,128833430,CCBL1,3'UTR,3.52952481671855,3.74438222497759
DMP,cg23403864,NA,0.0613601075230699,2,9630001,9630002,YWHAQ,body,-4.8009442062228596,-5.10786685339678
DMP,cg12117135,NA,0.06136011,12,130787473,130787474,NA,IGR,4.154023,4.468607
DMP,cg02518027,NA,0.0650437150768908,2,88691215,88691216,RPIA,TSS1500,-5.34896193945014,-5.12960602104761
DMP,cg03088047,NA,0.0650437150768908,22,47072396,47072397,TBC1D22A,body,3.82453034895084,3.56913893840391
DMP,cg04806854,NA,0.0650437150768908,12,132302962,132302963,GALNT9,body,2.39779456892396,2.12650010454545
DMP,cg14428178,NA,0.0650437150768908,17,9825760,9825761,GLP2R,TSS1500,1.70985685544139,1.52484197267996
DMP,cg21608489,NA,0.0650437150768908,19,42132985,42132986,POU2F2,TSS1500,-5.05361997146571,-5.27098344141822
DMP,cg22325292,NA,0.06504372,17,82750491,82750492,FN3K,body,2.795606,1.325672
DMP,cg06442199,NA,0.0659621634686591,1,91948787,91948788,BRDT,TSS1500,0.864333725866701,0.276431568101485
DMP,cg15527230,NA,0.0659621634686591,8,142544606,142544607,BAI1,3'UTR,2.23558643830351,2.44019831302378
DMP,cg15609098,NA,0.0660799493446816,7,6931129,6931130,NA,IGR,-0.823340869161774,-1.23918732400371
DMP,cg04756967,NA,0.0667163464334403,7,29019485,29019486,CPVL,body,3.45322997545533,3.26403874017777
DMP,cg07979886,NA,0.0667163464334403,5,135347750,135347751,H2AFY,body,3.78231190024229,3.89203188559679
DMP,cg15497724,NA,0.0667163464334403,19,51271123,51271124,CTD-3187F8.11;CTD-3187F8.2,IGR,2.12536209460703,1.76850326536371
DMP,cg20676693,NA,0.0667163464334403,17,18299749,18299750,TOP3A,body,3.74439965214409,3.61610995453553
DMP,cg20982475,NA,0.0667163464334403,12,119877340,119877341,CIT,TSS1500,-5.0237895799455,-4.81191044963953
DMP,cg13508369,NA,0.06671635,9,127121747,127121748,ANGPTL2,5'UTR,2.849504,2.534823
DMP,cg19852344,NA,0.06671635,12,132887359,132887360,CHFR,5'UTR,-5.710268,-5.84688
DMP,cg05544927,NA,0.070988263069118,5,155944339,155944340,SGCD,IGR,1.15085668359775,0.75264750166488
DMP,cg26329692,NA,0.0739641741658007,17,75130662,75130663,NT5C,body,3.62088735358798,3.76163987838278
DMP,cg24503272,NA,0.07596314,6,159789799,159789800,MRPL18,TSS1500,-4.008246,-3.732859
DMP,cg16740311,NA,0.0759631429486489,20,63359736,63359737,CHRNA4,5'UTR,1.36477185552579,1.18114261385056
DMP,cg19515245,NA,0.078273788066723,2,96486185,96486186,NA,IGR,-4.48856133116986,-4.80174760216018
DMP,cg26709929,NA,0.0802401195802625,11,2461010,2461011,KCNQ1,TSS1500,2.79570407383252,2.99958827496962
DMP,cg26958777,NA,0.0830698310221927,17,82863349,82863350,TBCD,body,3.41823551125661,3.24216693996881
DMP,cg01515515,NA,0.0836677,1,91948738,91948739,BRDT,TSS1500,-0.6285199,-1.451258
DMP,cg06455418,NA,0.0856693451213816,5,161536089,161536090,GABRB2,body,1.94294886061045,1.75600231801267
DMP,cg05938705,NA,0.08566935,1,230868613,230868614,C1orf198,5'UTR,-5.068036,-4.935644
DMP,cg00754426,NA,0.0872855913874378,20,38471794,38471795,RALGAPB,TSS1500,-1.19977768027989,-1.40194260352902
DMP,cg13948824,NA,0.091084876947021,12,26339251,26339252,ITPR2,3'UTR,3.94145305617973,4.0890052628022
DMP,cg15028525,NA,0.091084876947021,16,31211910,31211911,NA,IGR,1.13423927742574,0.878123051702907
DMP,cg18807030,NA,0.091084879999999993,7,892343,892344,C7orf20,body,5.508087,5.606943
DMP,cg11783376,NA,0.0924226260238943,5,141397238,141397239,PCDHGB5,TSS1500,1.07690870951339,0.54013443595677
DMP,cg17425612,NA,0.0958385438974251,2,209600786,209600787,MAP2,5'UTR,2.00431433351825,1.68490296720566
DMP,cg22145521,NA,0.100782524420173,9,26013016,26013017,NA,IGR,3.60857974461525,3.35316548300095
DMP,cg01595356,NA,0.102364711273496,3,44338182,44338183,TCAIM,TSS1500,-5.56798595139719,-5.39691129229337
DMP,cg10120218,NA,0.102364711273496,21,43308508,43308509,NA,IGR,3.96902595106419,3.7947891745221
DMP,cg11050086,NA,0.102364711273496,10,44971115,44971116,RASSF4,body,2.26377560044344,2.48794041062615
DMP,cg18062356,NA,0.102364711273496,20,34873518,34873519,GGT7,TSS1500,3.6382799772338,3.46179997311547
DMP,cg18516619,NA,0.102364711273496,17,80833091,80833092,RPTOR,body,-5.31865569506729,-5.09242948723736
DMP,cg20453763,NA,0.102364711273496,1,235419434,235419435,TBCE,body,3.31982834291184,3.48952569014965
DMP,cg15506826,NA,0.103604470808,7,5627916,5627917,RNF216,body,3.92938334481421,3.79213315185607
DMP,cg06617936,NA,0.108111435431716,8,6939030,6939031,DEFA4,TSS1500,1.58045513443095,1.77659904223841
DMP,cg12169461,NA,0.108111435431716,20,6994654,6994655,NA,IGR,0.586339541926113,0.772086371641631
DMP,cg23169512,NA,0.1090281,15,59998467,59998468,NA,IGR,-1.631168,-1.318341
DMP,cg03721293,NA,0.110189607047947,16,89947970,89947971,DEF8,TSS1500,-0.390580757085511,-0.669466997866159
DMP,cg08669973,NA,0.111987859528653,2,219496241,219496242,LOC100996693,TSS1500,1.02208622392269,0.749496334714794
DMP,cg14083554,NA,0.111987859528653,9,136677180,136677181,AGPAT2,body,2.21935803449818,2.10466344585086
DMP,cg16445026,NA,0.111987859528653,12,88035418,88035419,C12orf29,TSS1500,-5.13484092889825,-4.93734350886127
DMP,cg20444484,NA,0.1119879,15,81007783,81007784,CFAP161,IGR,-0.5499051,-1.068566
DMP,cg21327821,NA,0.112813299371949,1,211346325,211346326,TRAF5,TSS1500,3.05027614934103,2.90391938338798
DMP,cg04971779,NA,0.114138526649079,6,44222992,44222993,SLC29A1,5'UTR,-1.98633486658647,-2.37157518671484
DMP,cg05801256,NA,0.119967309746898,17,19598107,19598108,RP11-1113L8.1,IGR,3.6050328190461,3.45945090654266
DMP,cg06866011,NA,0.121999388367907,1,11067918,11067919,EXOSC10,body,3.55557146649433,3.75163990792236
DMP,cg10849192,NA,0.121999388367907,12,112664754,112664755,RPH3A,IGR,1.61926298029424,1.28385113590766
DMP,cg12800696,NA,0.1219994,5,180208152,180208153,RASGEF1C,5'UTR,-1.691528,-1.893865
DMP,cg02045708,NA,0.123253416058284,1,5016411,5016412,NA,IGR,2.49692441187734,2.23407514598073
DMP,cg14087004,NA,0.123253416058284,18,32470855,32470856,FAM59A,TSS1500,-5.09890925211542,-4.86358512583745
DMP,cg17301773,NA,0.123253416058284,20,61570069,61570070,CDH4,body,3.36228494211574,3.22270091527255
DMP,cg05046821,NA,0.123989706962027,22,21630179,21630180,YDJC,TSS1500,-5.20048982903551,-5.01400813561203
DMP,cg24527161,NA,0.123989706962027,6,72417223,72417224,NA,IGR,2.97606826296912,2.73696929569251
DMP,cg06632943,NA,0.125040344059347,7,151173784,151173785,GBX1,IGR,2.90214497849145,2.47318911196079
DMP,cg24315188,NA,0.125292952404417,7,77799532,77799533,PHTF2,5'UTR,-4.33480343717534,-4.6255762060281604
DMP,cg20977169,NA,0.128274893259365,12,82357694,82357695,CCDC59,body,-1.51052963541889,-2.10629600727922
DMP,cg09649347,NA,0.1348647,10,114547792,114547793,ABLIM1,body,-0.1078646,0.1450398
DMP,cg16505573,NA,0.134864718775136,19,34082833,34082834,NA,IGR,0.012221607777483,-0.265148672730287
DMP,cg24003322,NA,0.134864718775136,6,137475318,137475319,NA,IGR,0.100596503393351,-0.19447315928983
DMP,cg16155923,NA,0.138584746324109,6,14804599,14804600,RP11-146I2.1,IGR,1.88321792325757,1.71997234132246
DMP,cg24916850,NA,0.138584746324109,2,216014180,216014181,MREG,TSS1500,2.36456966029155,2.09700457359203
DMP,cg03358296,NA,0.142234181214448,4,173533544,173533545,HAND2-AS1,body,3.54023861807224,3.30292590870117
DMP,cg01673669,NA,0.1422342,15,60006701,60006702,FOXB1,IGR,-4.241712,-3.827459
DMP,cg16951385,NA,0.1434386,10,63269355,63269356,JMJD1C,body,-5.074587,-4.800073
DMP,cg05713859,NA,0.143438624744862,5,134904476,134904477,PCBD2,TSS1500,-4.02675873659055,-3.60427633284148
DMP,cg14126086,NA,0.143438624744862,20,18454305,18454306,DZANK1,body,3.3182570591552,3.1750326169912
DMP,cg14273822,NA,0.143438624744862,6,26271488,26271489,HIST1H3G,TSS1500,-5.17191795260922,-4.92140340062067
DMP,cg23219046,NA,0.143438624744862,1,53677137,53677138,GLIS1,5'UTR,3.89078676740431,4.04289299697956
DMP,cg00594167,NA,0.144372536186142,5,132436347,132436348,C5orf56,body,1.99459027032288,1.51262739781848
DMP,cg00809820,NA,0.144372536186142,17,82750637,82750638,TBCD,TSS1500,0.886879110808434,0.227783390620198
DMP,cg11199822,NA,0.144372536186142,8,141299098,141299099,SLC45A4,IGR,3.84484580910845,3.99240782188664
DMP,cg17022393,NA,0.144372536186142,7,158957250,158957251,NA,IGR,3.64503532850065,3.41487063939947
DMP,cg00432495,NA,0.144792771954366,1,201848639,201848640,IPO9,body,4.19160067130875,4.0770566402751
DMP,cg11263584,NA,0.144792771954366,17,75012492,75012493,ICT1,TSS1500,-5.48530365966714,-5.21524671918008
DMP,cg22696093,NA,0.147271298423123,17,49570297,49570298,RP5-1029K10.2;RP5-1029K10.4,IGR,-4.29066708225558,-4.14278168419234
DMP,cg13657209,NA,0.147608897448127,14,102010709,102010710,DYNC1H1,body,3.85272622162938,3.71119631442622
DMP,cg03904939,NA,0.151148353501384,12,111599926,111599927,ATXN2,TSS1500,-4.37400943889897,-4.69079346969524
DMP,cg01136167,NA,0.1516833,7,65572791,65572792,NA,IGR,-2.368907,-1.977364
DMP,cg13372916,NA,0.15337299423234,11,47285467,47285468,MADD,body,3.72952701330584,3.57119256552824
DMP,cg17797446,NA,0.1584477,1,2519965,2519966,PANK4,body,4.200638,3.993457
DMP,cg23094057,NA,0.1613075,2,37672214,37672215,CDC42EP3,TSS1500,-5.320822,-5.235568
DMP,cg14896695,NA,0.165837,10,43407551,43407552,HNRNPF,5'UTR,-5.091636,-4.853676
DMP,cg14200305,NA,0.166041827107063,1,3645558,3645559,WDR8,body,4.10480827228837,3.95516483645089
DMP,cg00800141,NA,0.1721095,16,3964160,3964161,ADCY9,3'UTR,3.031423,2.805306
DMP,cg11363467,NA,0.1721095,10,132373318,132373319,LRRC27,body,4.475017,4.258308
DMP,cg00459997,NA,0.172109540573538,12,130137176,130137177,NA,IGR,-0.587168149014033,-0.880166009523611
DMP,cg13749314,NA,0.172109540573538,19,51271412,51271413,CTD-3187F8.11;CTD-3187F8.2,IGR,0.491699302029875,0.25988303849121003
DMP,cg16951172,NA,0.172109540573538,1,55670925,55670926,RP11-466L17.1,IGR,3.01831578483378,2.74147906387677
DMP,cg17880816,NA,0.172109540573538,19,3789437,3789438,MATK,5'UTR,-0.463596404402436,-0.592703490675262
DMP,cg22566897,NA,0.172109540573538,10,105837775,105837776,NA,IGR,1.97223770055032,1.68803790491009
DMP,cg04833241,NA,0.173907789824973,7,2083811,2083812,MAD1L1,body,3.49973218886136,3.27491920932918
DMP,cg25943719,NA,0.174069982204809,15,100881186,100881187,ALDH1A3,body,1.14654960763974,0.901241792002366
DMP,cg03631215,NA,0.175171098119728,16,83971250,83971251,NECAB2,body,1.44070940805155,1.17941421004275
DMP,cg23154770,NA,0.175171098119728,5,141867368,141867369,PCDH1,body,2.56240343045691,3.62386621396803
DMP,cg25755681,NA,0.175171098119728,14,24114586,24114587,DCAF11,TSS1500,-4.87498860961885,-4.67652120372563
DMP,cg01495425,NA,0.178268325982127,15,55108831,55108832,NA,IGR,2.75418193759121,2.34357450281326
DMP,cg04168910,NA,0.178268325982127,20,24467901,24467902,SYNDIG1,TSS1500,2.2547328006603,2.01517511341515
DMP,cg10662946,NA,0.178268325982127,15,72229634,72229635,PKM,body,-4.05777188133357,-3.81568234288867
DMP,cg10666763,NA,0.178268325982127,17,42671087,42671088,PLEKHH3,body,0.165761548212988,-0.0624046692551712
DMP,cg14014485,NA,0.178268325982127,7,128300506,128300507,RBM28,IGR,3.69077249555692,3.84241031770812
DMP,cg21556178,NA,0.178268325982127,17,82750460,82750461,FN3K,body,1.40693410001878,0.934466805918599
DMP,cg26307581,NA,0.178268325982127,5,176740673,176740674,RP11-375B1.2,IGR,1.26245206430544,1.04899632314279
DMP,cg07018404,NA,0.179479058550433,5,126857778,126857779,NA,IGR,3.74856495352485,3.8809085828904
DMP,cg11299261,NA,0.179479058550433,1,93909490,93909491,GCLM,body,-5.59912454368663,-5.4417150030374
DMP,cg21012647,NA,0.179479058550433,2,201117091,201117092,CFLAR,5'UTR,-5.60668785468538,-5.43949189491938
DMP,cg21540749,NA,0.179479058550433,5,53109519,53109520,MOCS2,TSS1500,-5.28925206748427,-5.12017277635009
DMP,cg25167599,NA,0.179479058550433,11,738054,738055,NA,IGR,-2.28574829478154,-2.08818792594722
DMP,cg11908969,NA,0.182848623815639,14,57833711,57833712,SLC35F4,body,1.54975381037261,1.77065309219957
DMP,cg14346046,NA,0.183100934327841,11,27473245,27473246,LGR4,TSS1500,1.61583341426743,0.793346578355016
DMP,cg15417610,NA,0.184091153955549,8,84648115,84648116,RALYL,body,2.211984852701,1.8256994827198
DMP,cg19336556,NA,0.184091153955549,7,44517461,44517462,NPC1L1,body,3.94959307725598,4.10842096001921
DMP,cg03128972,NA,0.1840912,17,19237346,19237347,EPN2,TSS1500,-3.70677,-3.185344
DMP,cg16341495,NA,0.1840912,8,141218628,141218629,SLC45A4,body,3.916389,4.129006
DMP,cg09122999,NA,0.187176127549321,7,39464020,39464021,POU6F2,body,2.10726176724748,1.8350751409501
DMP,cg09379108,NA,0.187176127549321,3,148992326,148992327,GYG1,body,-4.26253322032128,-4.50484539069548
DMP,cg06976598,NA,0.1958711,10,51879364,51879365,PRKG1,body,-2.210311,-2.717697
DMP,cg09844357,NA,0.1958711,9,114155901,114155902,COL27A1,5'UTR,-5.340099,-5.123508
DMP,cg18319533,NA,0.1958711,11,1011315,1011316,AP2A2,3'UTR,3.229442,3.444956
DMP,cg00727590,NA,0.195871110810826,22,31140563,31140564,PLA2G3,TSS1500,-1.32250059352961,-1.49147838025728
DMP,cg02673901,NA,0.195871110810826,1,204858928,204858929,NFASC,5'UTR,0.966715191024867,0.713608297793986
DMP,cg02974527,NA,0.195871110810826,6,71245478,71245479,RP11-154D6.1,IGR,2.96620492176175,3.19706155523613
DMP,cg03430864,NA,0.195871110810826,19,10987825,10987826,SMARCA4,body,4.09082112568649,4.22747129699452
DMP,cg03729508,NA,0.195871110810826,19,10452939,10452940,PDE4A,body,-0.788171916424043,-0.971101329132613
DMP,cg06009066,NA,0.195871110810826,11,57604504,57604505,SERPING1,body,-5.24896180356788,-5.03071050476503
DMP,cg06656458,NA,0.195871110810826,2,201410703,201410704,TRAK2,body,2.73069934534288,2.49405569954489
DMP,cg07115761,NA,0.195871110810826,16,346494,346495,AXIN1,body,4.10233226419298,3.93779137123017
DMP,cg07148914,NA,0.195871110810826,20,34873032,34873033,GGT7,TSS1500,-5.14597361844481,-4.93550393456853
DMP,cg08579397,NA,0.195871110810826,16,67924530,67924531,PSKH1,body,3.5404050036808,3.35216219904317
DMP,cg09731841,NA,0.195871110810826,5,6868441,6868442,RP11-332J15.2,IGR,3.73677072673811,3.86673193640811
DMP,cg10460130,NA,0.195871110810826,2,241686563,241686564,DTYMK,body,-4.16111362038642,-3.9031738147073902
DMP,cg17205324,NA,0.195871110810826,14,23366386,23366387,EFS,TSS1500,-0.189871539707465,-0.43420741963426
DMP,cg17346403,NA,0.195871110810826,22,37257995,37257996,NA,IGR,1.43873578982686,1.17771870347261
DMP,cg20041915,NA,0.195871110810826,17,73783024,73783025,LINC00469,body,3.17358315864643,2.94177976306157
DMP,cg24192983,NA,0.195871110810826,22,19111369,19111370,DGCR2,body,2.77300397659697,2.94990879768174
DMP,cg26207895,NA,0.195871110810826,4,6076567,6076568,JAKMIP1,body,1.62990677565494,1.36146909283435
DMP,cg27411509,NA,0.195871110810826,8,27904155,27904156,SCARA5,body,3.26241760021146,3.01211070468697
DMP,cg01755850,NA,0.196683997430978,5,168860124,168860125,SLIT3,body,2.24518232883089,2.55510229403416
DMP,cg22263512,NA,0.196683997430978,15,41416956,41416957,RTF1,TSS1500,-4.61390594647152,-4.81756899650131
DMR,DMR_1,cg02398342,1e-300,17,82750403,82750756,FN3K,TSS1500,2.5723346376486,1.15262435819629
DMR,DMR_1,cg00809820,1e-300,17,82750403,82750756,FN3K,TSS1500,0.886879110808434,0.227783390620198
DMR,DMR_1,cg03115019,1e-300,17,82750403,82750756,FN3K,body,3.15744002347497,2.19387904158984
DMR,DMR_1,cg21556178,1e-300,17,82750403,82750756,FN3K,body,1.40693410001878,0.934466805918599
DMR,DMR_1,cg22325292,1e-300,17,82750403,82750756,FN3K,body,2.795606,1.325672
DMR,DMR_2,cg11050086,8.796818989341301e-294,10,44971115,44971346,RASSF4/C10orf10,body,2.26377560044344,2.48794041062615
DMR,DMR_2,cg22768678,8.796818989341301e-294,10,44971115,44971346,RASSF4/C10orf10,body,2.47731796622023,2.64801729510025
DMR,DMR_2,cg19989254,8.796818989341301e-294,10,44971115,44971346,RASSF4/C10orf10,body,2.49168148624193,2.46157851046822
DMR,DMR_2,cg22738000,8.796818989341301e-294,10,44971115,44971346,RASSF4/C10orf10,body,3.5348032372305,3.77081157715484
DMR,DMR_3,cg06442199,2.70104539333452e-239,1,91948664,91948787,NA,IGR,0.864333725866701,0.276431568101485
DMR,DMR_3,cg19245011,2.70104539333452e-239,1,91948664,91948787,NA,IGR,-1.78484096265306,-2.22591895608027
DMR,DMR_3,cg01515515,2.70104539333452e-239,1,91948664,91948787,NA,IGR,-0.6285199,-1.451258
DMR,DMR_28,cg00674807,1.0493049039876899e-184,16,81220534,81220802,NA,IGR,-1.48708462549724,-0.924751074370194
DMR,DMR_28,cg07091758,1.0493049039876899e-184,16,81220534,81220802,NA,IGR,1.0445008781397,1.44237844836037
DMR,DMR_28,cg20109624,1.0493049039876899e-184,16,81220534,81220802,NA,IGR,0.546414769105105,1.09311642200389
DMR,DMR_28,cg03406106,1.0493049039876899e-184,16,81220534,81220802,NA,IGR,0.5385632531757,0.967257609109058
DMR,DMR_28,cg21044139,1.0493049039876899e-184,16,81220534,81220802,NA,IGR,1.243179,1.772798
DMR,DMR_4,cg08504407,1.2631362714809897e-164,17,79401524,79401676,RBFOX3,5'UTR,-1.3256024425235,-1.58555830827955
DMR,DMR_4,cg00664205,1.2631362714809897e-164,17,79401524,79401676,RBFOX3,5'UTR,3.061094,2.650397
DMR,DMR_58,cg09917807,4.1970977439997696e-157,12,31729264,31729487,NA,IGR,-4.60300362924432,-4.59416949159968
DMR,DMR_58,cg14202610,4.1970977439997696e-157,12,31729264,31729487,NA,IGR,-4.01811116937429,-4.07302419585823
DMR,DMR_58,cg12563240,4.1970977439997696e-157,12,31729264,31729487,NA,IGR,-5.15849375318865,-5.16365240118693
DMR,DMR_58,cg07007050,4.1970977439997696e-157,12,31729264,31729487,NA,IGR,-3.57630445666516,-3.83307512998399
DMR,DMR_58,cg16014770,4.1970977439997696e-157,12,31729264,31729487,NA,IGR,-5.429794,-5.406415
DMR,DMR_58,cg18813353,4.1970977439997696e-157,12,31729264,31729487,NA,IGR,-5.337675,-5.380584
DMR,DMR_34,cg13749314,1.3649932199563199e-149,19,51271010,51271412,CTD-3187F8.11/CTD-3187F8.2,IGR,0.491699302029875,0.25988303849121003
DMR,DMR_34,cg15497724,1.3649932199563199e-149,19,51271010,51271412,CTD-3187F8.11/CTD-3187F8.2,IGR,2.12536209460703,1.76850326536371
DMR,DMR_34,cg01718065,1.3649932199563199e-149,19,51271010,51271412,CTD-3187F8.11/CTD-3187F8.2,IGR,2.21532162047914,1.8738299053993
DMR,DMR_34,cg04420569,1.3649932199563199e-149,19,51271010,51271412,CTD-3187F8.11/CTD-3187F8.2,IGR,3.40682904158922,3.25073876514265
DMR,DMR_34,cg14884932,1.3649932199563199e-149,19,51271010,51271412,CTD-3187F8.11/CTD-3187F8.2,IGR,2.08414773276187,1.8028741445587
DMR,DMR_34,cg14724749,1.3649932199563199e-149,19,51271010,51271412,CTD-3187F8.11/CTD-3187F8.2,IGR,1.299802,0.9997734
DMR,DMR_10,cg15057726,1.8438105771697799e-149,3,127598623,127598731,MCM2,body,-4.944437285442,-5.02801080840477
DMR,DMR_10,cg22873083,1.8438105771697799e-149,3,127598623,127598731,MCM2,body,-5.16303504858234,-4.96431951608183
DMR,DMR_17,cg04164716,8.88737921678704e-146,17,45287001,45287049,MAP3K14,exon,3.41575495834381,3.60772746401274
DMR,DMR_17,cg14570995,8.88737921678704e-146,17,45287001,45287049,MAP3K14,exon,2.75294902295465,2.77013192919721
DMR,DMR_17,cg11864970,8.88737921678704e-146,17,45287001,45287049,MAP3K14,body,3.46698049819351,3.46858180315507
DMR,DMR_6,cg08345211,4.5622819989991696e-141,6,168410583,168410607,NA,IGR,3.55511529727776,3.81606397316775
DMR,DMR_6,cg25669593,4.5622819989991696e-141,6,168410583,168410607,NA,IGR,4.782187,4.77608
DMR,DMR_44,cg13363525,1.3301549709700698e-139,12,53220591,53220716,RARG,body,-5.50819414987191,-5.28340831754368
DMR,DMR_44,cg04228764,1.3301549709700698e-139,12,53220591,53220716,RARG,body,-5.26609285771411,-5.15241661556175
DMR,DMR_44,cg01585686,1.3301549709700698e-139,12,53220591,53220716,RARG,TSS1500,-5.29312517550184,-5.36547574499326
DMR,DMR_44,cg15694004,1.3301549709700698e-139,12,53220591,53220716,RARG,TSS1500,-5.57501314710128,-5.60278206280488
DMR,DMR_5,cg18946473,1.3193715596230598e-131,2,96486185,96486288,NA,IGR,-4.6456907892439,-4.96383552970538
DMR,DMR_5,cg19515245,1.3193715596230598e-131,2,96486185,96486288,NA,IGR,-4.48856133116986,-4.80174760216018
DMR,DMR_39,cg10872641,6.97873530569536e-126,7,91881091,91881283,NA,IGR,1.41948758817732,1.10330119429091
DMR,DMR_39,cg09669835,6.97873530569536e-126,7,91881091,91881283,NA,IGR,-0.676916665611016,-0.972765071453507
DMR,DMR_39,cg01785046,6.97873530569536e-126,7,91881091,91881283,NA,IGR,-2.322348,-2.921722
DMR,DMR_39,cg16284459,6.97873530569536e-126,7,91881091,91881283,NA,IGR,-2.906614,-3.247554
DMR,DMR_23,cg01766850,5.395817759082319e-125,6,170271859,170271997,RP5-894D12.5,IGR,-1.55522463366063,-2.2085271114774
DMR,DMR_23,cg24039042,5.395817759082319e-125,6,170271859,170271997,RP5-894D12.5,IGR,-0.836323432573438,-1.40495133054289
DMR,DMR_23,cg09344348,5.395817759082319e-125,6,170271859,170271997,RP5-894D12.5,IGR,-6.164314,-6.065785
DMR,DMR_9,cg00025216,1.6458174696365699e-122,5,119445689,119445711,NA,IGR,3.81193594343576,3.60969289075523
DMR,DMR_9,cg19776306,1.6458174696365699e-122,5,119445689,119445711,NA,IGR,3.60128972856656,3.66778552813386
DMR,DMR_37,cg09168692,1.6862138318964299e-118,1,7827286,7827500,PER3/RP3-467L1.4,body,0.57524024191254,0.321847909067158
DMR,DMR_37,cg04767226,1.6862138318964299e-118,1,7827286,7827500,PER3/RP3-467L1.4,body,1.58732357085831,1.12219401163133
DMR,DMR_37,cg17724687,1.6862138318964299e-118,1,7827286,7827500,PER3/RP3-467L1.4,body,2.962997,2.298694
DMR,DMR_37,cg08926642,1.6862138318964299e-118,1,7827286,7827500,PER3/RP3-467L1.4,body,2.328988,1.60291
DMR,DMR_49,cg00727590,3.0233222711916997e-117,22,31140445,31140599,PLA2G3,TSS1500,-1.32250059352961,-1.49147838025728
DMR,DMR_49,cg05815196,3.0233222711916997e-117,22,31140445,31140599,PLA2G3,TSS1500,-0.625457297087119,-0.778329842561355
DMR,DMR_49,cg25137841,3.0233222711916997e-117,22,31140445,31140599,PLA2G3,TSS1500,0.6228531,0.5893713
DMR,DMR_49,cg25937577,3.0233222711916997e-117,22,31140445,31140599,PLA2G3,TSS1500,-0.6011099,-0.8519202
DMR,DMR_49,cg08457421,3.0233222711916997e-117,22,31140445,31140599,PLA2G3,5'UTR,3.306392,3.042659
DMR,DMR_11,cg02518027,2.3390801205943898e-113,2,88691215,88691220,NA,IGR,-5.34896193945014,-5.12960602104761
DMR,DMR_11,cg13293721,2.3390801205943898e-113,2,88691215,88691220,NA,IGR,-4.95349540427384,-4.90835977355367
DMR,DMR_59,cg09726240,3.17121559330794e-112,11,70826730,70826881,SHANK2,body,-1.03094281177782,-1.3831524837708
DMR,DMR_59,cg06039161,3.17121559330794e-112,11,70826730,70826881,SHANK2,body,-1.72800084395026,-2.06771109436978
DMR,DMR_59,cg01655356,3.17121559330794e-112,11,70826730,70826881,SHANK2,body,-1.61570630575995,-2.0184871526545
DMR,DMR_59,cg26591930,3.17121559330794e-112,11,70826730,70826881,SHANK2,body,-3.007289,-3.587922
DMR,DMR_59,cg25456593,3.17121559330794e-112,11,70826730,70826881,SHANK2,body,-1.39666,-1.796629
DMR,DMR_59,cg11480627,3.17121559330794e-112,11,70826730,70826881,SHANK2,body,-1.233282,-1.712855
DMR,DMR_20,cg11999601,1.84356595871411e-111,11,70824775,70824960,SHANK2,body,-1.82431698879249,-2.30611058836687
DMR,DMR_20,cg03905795,1.84356595871411e-111,11,70824775,70824960,SHANK2,body,-1.61437273911955,-2.14223045919136
DMR,DMR_20,cg07841070,1.84356595871411e-111,11,70824775,70824960,SHANK2,body,-1.64569,-2.063832
DMR,DMR_40,cg21849575,1.2904373526692496e-107,2,219496187,219496341,SPEG/AC053503.11,TSS1500,0.343648495687061,0.305616888962624
DMR,DMR_40,cg08669973,1.2904373526692496e-107,2,219496187,219496341,SPEG/AC053503.11,TSS1500,1.02208622392269,0.749496334714794
DMR,DMR_40,cg02549182,1.2904373526692496e-107,2,219496187,219496341,SPEG/AC053503.11,IGR,2.41932073861485,2.27291517230193
DMR,DMR_62,cg20982475,8.27542941547355e-105,12,119877281,119877479,CIT,TSS1500,-5.0237895799455,-4.81191044963953
DMR,DMR_62,cg19988880,8.27542941547355e-105,12,119877281,119877479,CIT,TSS1500,-4.45163092130033,-4.41016205229683
DMR,DMR_62,cg11345172,8.27542941547355e-105,12,119877281,119877479,CIT,TSS1500,-5.10834991063088,-5.09829893473802
DMR,DMR_62,cg25499017,8.27542941547355e-105,12,119877281,119877479,CIT,TSS1500,-5.55042500584956,-5.54081508353724
DMR,DMR_62,cg22526288,8.27542941547355e-105,12,119877281,119877479,CIT,TSS1500,-5.41982119847849,-5.4416793675002
DMR,DMR_62,cg20258154,8.27542941547355e-105,12,119877281,119877479,CIT,TSS1500,-6.446334,-6.488536
DMR,DMR_62,cg06586923,8.27542941547355e-105,12,119877281,119877479,CIT,exon,-3.958645,-3.94631
DMR,DMR_13,cg02992586,1.19649685216087e-104,17,18299736,18299749,TOP3A,body,4.04258958472385,4.0574140118621
DMR,DMR_13,cg20676693,1.19649685216087e-104,17,18299736,18299749,TOP3A,body,3.74439965214409,3.61610995453553
DMR,DMR_12,cg19852344,1.29409756279384e-104,12,132887299,132887359,CHFR,5'UTR,-5.710268,-5.84688
DMR,DMR_12,cg19027571,1.29409756279384e-104,12,132887299,132887359,CHFR,body,-5.201128,-5.172464
DMR,DMR_19,cg03721293,1.57031292410923e-103,16,89947908,89947970,DEF8,TSS1500,-0.390580757085511,-0.669466997866159
DMR,DMR_19,cg04752812,1.57031292410923e-103,16,89947908,89947970,DEF8,TSS1500,0.05513541,-0.05104324
DMR,DMR_57,cg25414656,1.14920934943675e-101,4,98143375,98143595,NA,IGR,-4.4872078547405,-4.03152603819379
DMR,DMR_57,cg18180107,1.14920934943675e-101,4,98143375,98143595,NA,IGR,-4.47402378756309,-4.19508117004872
DMR,DMR_57,cg00999950,1.14920934943675e-101,4,98143375,98143595,NA,IGR,-5.31080320970849,-4.94857663444099
DMR,DMR_57,cg03467027,1.14920934943675e-101,4,98143375,98143595,NA,IGR,-5.3661512784555,-4.83645781398199
DMR,DMR_57,cg07917127,1.14920934943675e-101,4,98143375,98143595,NA,IGR,-3.967384,-3.526746
DMR,DMR_61,cg03118430,4.2369141008678295e-100,11,2460912,2461073,KCNQ1,TSS1500,3.68458394251806,3.71644874747311
DMR,DMR_61,cg07210454,4.2369141008678295e-100,11,2460912,2461073,KCNQ1,TSS1500,2.28233815976597,2.27915748731612
DMR,DMR_61,cg03170016,4.2369141008678295e-100,11,2460912,2461073,KCNQ1,TSS1500,1.50562787808364,1.53371069307937
DMR,DMR_61,cg26709929,4.2369141008678295e-100,11,2460912,2461073,KCNQ1,TSS1500,2.79570407383252,2.99958827496962
DMR,DMR_61,cg25741120,4.2369141008678295e-100,11,2460912,2461073,KCNQ1,TSS1500,3.57060221780944,3.52967572182897
DMR,DMR_61,cg17291157,4.2369141008678295e-100,11,2460912,2461073,KCNQ1,TSS1500,2.897723322698,2.88761932436566
DMR,DMR_7,cg07317843,7.766877051843349e-100,10,114547792,114547955,ABLIM1,body,0.784746484502479,1.16691704010288
DMR,DMR_7,cg09649347,7.766877051843349e-100,10,114547792,114547955,ABLIM1,body,-0.1078646,0.1450398
DMR,DMR_60,cg10348643,4.84461346753638e-99,1,230868568,230868628,C1orf198,5'UTR,-5.04574816844004,-5.03425967398431
DMR,DMR_60,cg05938705,4.84461346753638e-99,1,230868568,230868628,C1orf198,5'UTR,-5.068036,-4.935644
DMR,DMR_60,cg19729672,4.84461346753638e-99,1,230868568,230868628,C1orf198,5'UTR,-4.854418,-4.794345
DMR,DMR_60,cg19085699,4.84461346753638e-99,1,230868568,230868628,C1orf198,5'UTR,-2.695454,-2.639499
DMR,DMR_60,cg10333268,4.84461346753638e-99,1,230868568,230868628,C1orf198,5'UTR,-5.312257,-5.32286
DMR,DMR_63,cg20673506,1.76601675948301e-98,6,159789777,159789856,MRPL18,TSS1500,-3.59547571439371,-3.60203366847598
DMR,DMR_63,cg24095088,1.76601675948301e-98,6,159789777,159789856,MRPL18,TSS1500,-4.53011074852954,-4.52894157451726
DMR,DMR_63,cg23570391,1.76601675948301e-98,6,159789777,159789856,MRPL18,TSS1500,-3.90070302882703,-3.87205088519613
DMR,DMR_63,cg27225571,1.76601675948301e-98,6,159789777,159789856,MRPL18,TSS1500,-5.066694,-5.043334
DMR,DMR_63,cg18116600,1.76601675948301e-98,6,159789777,159789856,MRPL18,TSS1500,-4.520794,-4.502928
DMR,DMR_63,cg24503272,1.76601675948301e-98,6,159789777,159789856,MRPL18,TSS1500,-4.008246,-3.732859
DMR,DMR_63,cg20324256,1.76601675948301e-98,6,159789777,159789856,MRPL18,TSS1500,-5.800113,-5.739127
DMR,DMR_35,cg14346046,1.00619188665127e-96,11,27473163,27473245,RP11-159H22.2,TSS1500,1.61583341426743,0.793346578355016
DMR,DMR_35,cg24451363,1.00619188665127e-96,11,27473163,27473245,RP11-159H22.2,body,-1.21255137065841,-1.76393242056477
DMR,DMR_35,cg06731443,1.00619188665127e-96,11,27473163,27473245,RP11-159H22.2,TSS1500,-1.69102428562999,-2.61858371656972
DMR,DMR_52,cg09133563,8.283263930877838e-95,11,4608127,4608202,TRIM68,exon,-3.3831053299716,-3.66647615635921
DMR,DMR_52,cg26847010,8.283263930877838e-95,11,4608127,4608202,TRIM68,5'UTR,-3.89064800574004,-4.35366496745018
DMR,DMR_52,cg00364778,8.283263930877838e-95,11,4608127,4608202,TRIM68,5'UTR,-5.070308,-5.655766
DMR,DMR_52,cg16469099,8.283263930877838e-95,11,4608127,4608202,TRIM68,exon,-4.957139,-5.4265
DMR,DMR_8,cg10666763,4.33078340203283e-91,17,42670924,42671087,PLEKHH3,body,0.165761548212988,-0.0624046692551712
DMR,DMR_8,cg07968906,4.33078340203283e-91,17,42670924,42671087,PLEKHH3,body,0.778239021010745,0.460971683946324
DMR,DMR_42,cg24315188,5.095551358163619e-91,7,77799502,77799532,PHTF2,5'UTR,-4.33480343717534,-4.6255762060281604
DMR,DMR_42,cg04320354,5.095551358163619e-91,7,77799502,77799532,PHTF2,5'UTR,-4.920628,-4.851733
DMR,DMR_42,cg16431610,5.095551358163619e-91,7,77799502,77799532,PHTF2,5'UTR,-5.833799,-5.849464
DMR,DMR_14,cg16138024,5.29347666994558e-91,12,49674771,49674827,FMNL3,body,-0.156518925546176,-0.427261101943268
DMR,DMR_14,cg19108772,5.29347666994558e-91,12,49674771,49674827,FMNL3,body,2.41231902523904,2.15663994065032
DMR,DMR_27,cg27596707,3.0761907135328195e-89,10,63269355,63269408,JMJD1C,body,-4.32056789891187,-4.3750032070162
DMR,DMR_27,cg16951385,3.0761907135328195e-89,10,63269355,63269408,JMJD1C,body,-5.074587,-4.800073
DMR,DMR_16,cg17378803,3.14455343648305e-88,2,241881124,241881167,NA,IGR,-0.398384942029998,-0.240378652240843
DMR,DMR_16,cg12669473,3.14455343648305e-88,2,241881124,241881167,NA,IGR,-4.604718,-4.046062
DMR,DMR_41,cg18062356,3.81484978655975e-88,20,34873032,34873518,ACSS2,TSS1500,3.6382799772338,3.46179997311547
DMR,DMR_41,cg07148914,3.81484978655975e-88,20,34873032,34873518,ACSS2,TSS1500,-5.14597361844481,-4.93550393456853
DMR,DMR_41,cg07242267,3.81484978655975e-88,20,34873032,34873518,ACSS2,TSS1500,-5.24251155683319,-5.21940155938547
DMR,DMR_41,cg07957953,3.81484978655975e-88,20,34873032,34873518,ACSS2,TSS1500,-5.47878617104766,-5.50506211981064
DMR,DMR_41,cg03455912,3.81484978655975e-88,20,34873032,34873518,ACSS2,TSS1500,3.72553499891811,3.77787106904611
DMR,DMR_38,cg00237086,9.6593730665441e-87,8,6938977,6939096,NA,IGR,3.46992663320661,3.45305772862853
DMR,DMR_38,cg19401149,9.6593730665441e-87,8,6938977,6939096,NA,IGR,2.38892988384906,2.41434757606325
DMR,DMR_38,cg06617936,9.6593730665441e-87,8,6938977,6939096,NA,IGR,1.58045513443095,1.77659904223841
DMR,DMR_15,cg03991592,3.26878336709793e-86,16,253166,253193,ITFG3/ITFG3,5'UTR,-1.44051684164328,-0.977131887328368
DMR,DMR_15,cg02895698,3.26878336709793e-86,16,253166,253193,ITFG3/ITFG3,5'UTR,-2.82956187032097,-2.18013158522048
DMR,DMR_54,cg25352908,1.87768759136877e-85,12,88035390,88035418,C12orf29,TSS1500,-4.54783784916819,-4.65887151082023
DMR,DMR_54,cg11557823,1.87768759136877e-85,12,88035390,88035418,C12orf29,TSS1500,-2.44943537013249,-2.23474103311855
DMR,DMR_54,cg16445026,1.87768759136877e-85,12,88035390,88035418,C12orf29,TSS1500,-5.13484092889825,-4.93734350886127
DMR,DMR_54,cg06185657,1.87768759136877e-85,12,88035390,88035418,C12orf29,TSS1500,-4.20476334279303,-4.22444782557179
DMR,DMR_43,cg13760252,8.162799846783399e-85,19,5455471,5455489,ZNRF4,5'UTR,4.818557,4.897839
DMR,DMR_43,cg27209278,8.162799846783399e-85,19,5455471,5455489,ZNRF4,5'UTR,5.144759,5.165541
DMR,DMR_43,cg08117431,8.162799846783399e-85,19,5455471,5455489,ZNRF4,5'UTR,4.480468,4.591256
DMR,DMR_55,cg14087004,3.4946162382852894e-84,18,32470842,32470909,NA,IGR,-5.09890925211542,-4.86358512583745
DMR,DMR_55,cg10116624,3.4946162382852894e-84,18,32470842,32470909,NA,IGR,-4.92264346635354,-4.96745206650973
DMR,DMR_55,cg14279702,3.4946162382852894e-84,18,32470842,32470909,NA,IGR,-3.75436077492776,-3.72141609397245
DMR,DMR_55,cg12692042,3.4946162382852894e-84,18,32470842,32470909,NA,IGR,-5.908499,-5.890867
DMR,DMR_46,cg14273822,4.39058353307548e-83,6,26271488,26271520,NA,IGR,-5.17191795260922,-4.92140340062067
DMR,DMR_46,cg00036011,4.39058353307548e-83,6,26271488,26271520,NA,IGR,-5.4934803097019,-5.47475730942099
DMR,DMR_46,cg23229820,4.39058353307548e-83,6,26271488,26271520,NA,IGR,-5.15045968376189,-5.13664936420453
DMR,DMR_22,cg03925413,1.0525194119535899e-82,20,61570064,61570069,CDH4,body,3.04250829285642,2.94552026073769
DMR,DMR_22,cg17301773,1.0525194119535899e-82,20,61570064,61570069,CDH4,body,3.36228494211574,3.22270091527255
DMR,DMR_18,cg18516619,2.38889340753152e-81,17,80833070,80833091,RPTOR,body,-5.31865569506729,-5.09242948723736
DMR,DMR_18,cg02386420,2.38889340753152e-81,17,80833070,80833091,RPTOR,body,-5.02738,-5.001825
DMR,DMR_45,cg18285681,4.61108711583481e-81,7,2689207,2689278,AMZ1,5'UTR,-2.50530447810212,-2.82994924601293
DMR,DMR_45,cg17317003,4.61108711583481e-81,7,2689207,2689278,AMZ1,5'UTR,-1.95306535289808,-2.298585978772
DMR,DMR_45,cg00881207,4.61108711583481e-81,7,2689207,2689278,AMZ1,5'UTR,-1.756174,-1.962507
DMR,DMR_29,cg15427002,1.30129093638949e-80,12,111599907,111599926,RP11-686G8.2,TSS1500,-4.60369468526306,-4.66416047961165
DMR,DMR_29,cg03904939,1.30129093638949e-80,12,111599907,111599926,RP11-686G8.2,TSS1500,-4.37400943889897,-4.69079346969524
DMR,DMR_30,cg09973148,1.67640449103834e-80,2,37672212,37672214,CDC42EP3,TSS1500,-5.502725,-5.480646
DMR,DMR_30,cg23094057,1.67640449103834e-80,2,37672212,37672214,CDC42EP3,TSS1500,-5.320822,-5.235568
DMR,DMR_31,cg03846249,1.77541198281622e-80,12,130137176,130137205,NA,IGR,-1.50934120301358,-1.651730704116
DMR,DMR_31,cg00459997,1.77541198281622e-80,12,130137176,130137205,NA,IGR,-0.587168149014033,-0.880166009523611
DMR,DMR_25,cg11869828,2.94275491291684e-80,11,116829720,116829731,APOC3,TSS1500,0.840739129555238,0.992657348491961
DMR,DMR_25,cg20957428,2.94275491291684e-80,11,116829720,116829731,APOC3,TSS1500,0.6881359,0.9064423
DMR,DMR_21,cg17022393,8.89319311453064e-78,7,158957250,158957262,NA,IGR,3.64503532850065,3.41487063939947
DMR,DMR_21,cg13472359,8.89319311453064e-78,7,158957250,158957262,NA,IGR,4.186211,3.855373
DMR,DMR_56,cg11654148,9.86054218647404e-78,22,21630131,21630194,NA,IGR,-5.41673737525556,-5.35656985157905
DMR,DMR_56,cg05046821,9.86054218647404e-78,22,21630131,21630194,NA,IGR,-5.20048982903551,-5.01400813561203
DMR,DMR_56,cg22858872,9.86054218647404e-78,22,21630131,21630194,NA,IGR,-4.84689,-4.846122
DMR,DMR_56,cg17532779,9.86054218647404e-78,22,21630131,21630194,NA,IGR,-5.894414,-5.843437
DMR,DMR_47,cg11263584,2.04278622382073e-77,17,75012481,75012506,NA,IGR,-5.48530365966714,-5.21524671918008
DMR,DMR_47,cg22781525,2.04278622382073e-77,17,75012481,75012506,NA,IGR,-5.932993,-5.936359
DMR,DMR_47,cg23375783,2.04278622382073e-77,17,75012481,75012506,NA,IGR,-3.464074,-3.403417
DMR,DMR_24,cg26931296,2.1743808639753897e-77,7,151173765,151173784,GBX1,IGR,3.59684992623614,3.43141708487338
DMR,DMR_24,cg06632943,2.1743808639753897e-77,7,151173765,151173784,GBX1,IGR,2.90214497849145,2.47318911196079
DMR,DMR_26,cg05713859,5.49634710189696e-77,5,134904448,134904476,NA,IGR,-4.02675873659055,-3.60427633284148
DMR,DMR_26,cg05408284,5.49634710189696e-77,5,134904448,134904476,NA,IGR,-2.50129087305515,-2.35461974533314
DMR,DMR_36,cg21487099,1.11159388843206e-76,5,1201487,1201493,NA,IGR,2.4251210516158,2.17908270653035
DMR,DMR_36,cg09837037,1.11159388843206e-76,5,1201487,1201493,NA,IGR,5.564365,5.383321
DMR,DMR_33,cg25755681,7.073000392807001e-76,14,24114575,24114586,DCAF11/NRL,TSS1500,-4.87498860961885,-4.67652120372563
DMR,DMR_33,cg13446627,7.073000392807001e-76,14,24114575,24114586,DCAF11/NRL,TSS1500,-5.507651,-5.533773
DMR,DMR_51,cg00675039,1.1807457191459e-75,20,45857558,45857577,NA,IGR,-5.21772299657581,-5.42155966141717
DMR,DMR_51,cg15566619,1.1807457191459e-75,20,45857558,45857577,NA,IGR,-5.08205244592172,-5.07130624962731
DMR,DMR_51,cg09719331,1.1807457191459e-75,20,45857558,45857577,NA,IGR,-5.081984,-5.139087
DMR,DMR_32,cg16339264,1.03375087162211e-73,14,70601075,70601085,CTD-2540L5.5,TSS1500,-4.98416120781051,-4.85662853950413
DMR,DMR_32,cg07971753,1.03375087162211e-73,14,70601075,70601085,CTD-2540L5.5,TSS1500,-4.9669739999999996,-4.780063
DMR,DMR_53,cg07953034,1.9732667323530702e-73,19,11529137,11529205,ECSIT,5'UTR,-5.29533462191852,-5.14343377504206
DMR,DMR_53,cg25576352,1.9732667323530702e-73,19,11529137,11529205,ECSIT,TSS1500,-4.88062387682079,-5.06544337286069
DMR,DMR_53,cg18076500,1.9732667323530702e-73,19,11529137,11529205,ECSIT,TSS1500,-4.698603,-4.804033
DMR,DMR_50,cg14663278,6.11513756861318e-73,1,156241618,156241643,PMF1-BGLAP/PMF1,TSS1500,1.14547936794537,0.944168796336009
DMR,DMR_50,cg24843609,6.11513756861318e-73,1,156241618,156241643,PMF1-BGLAP/PMF1,TSS1500,-1.066323,-1.433186
DMR,DMR_50,cg11580676,6.11513756861318e-73,1,156241618,156241643,PMF1-BGLAP/PMF1,TSS1500,2.375988,1.994931
DMR,DMR_48,cg10657739,6.4280572201893e-72,2,169694290,169694316,CCDC173,exon,-4.84909211578581,-4.6796859105615
DMR,DMR_48,cg19763735,6.4280572201893e-72,2,169694290,169694316,CCDC173,exon,-3.89153799090817,-3.75486673361553
DMR,DMR_48,cg12542238,6.4280572201893e-72,2,169694290,169694316,CCDC173,exon,-5.23555968031894,-5.1681889039582
