model,gene,variable,estimate,statistic,pval,FDR,group
lmerel,J774.ind,Sample_Group,0.420432364435178,0.7455643043074276,0.3878842423805593,0.581826363570839,CEC
lmerel,J774.ind,avgBMI,-0.030690997961931855,0.34868805748214404,0.5548567300375621,0.5548567300375621,CEC
lmerel,J774.ind,KCHCA_AGE_YR_CURRENT,0.03865901062512914,2.2332163687448268,0.13507241180001212,0.16208689416001454,CEC
lmerel,J774.ind,M0_KCVSEX,-0.36764162595183214,0.5547933861900501,0.4563657066182916,0.54763884794195,CEC
lmerel,J774.ind,(1 | FULLIDNO),2.6694180728355263,NA,0.10229341970607213,0.15344012955910818,CEC
lmerel,J774.basal,Sample_Group,0.03855269874538143,0.021730982582767747,0.8828050010242818,0.944781666917838,CEC
lmerel,J774.basal,avgBMI,-0.061980192310528114,4.929444823425261,0.02640279871158241,0.15841679226949446,CEC
lmerel,J774.basal,KCHCA_AGE_YR_CURRENT,0.037435629141683524,7.258995762796257,0.007054672894701132,0.0423280373682068,CEC
lmerel,J774.basal,M0_KCVSEX,-0.3896002419369917,2.1597235014282634,0.1416701810069011,0.2833403620138022,CEC
lmerel,J774.basal,(1 | FULLIDNO),4.29996012435862,NA,0.03811326667105674,0.12943361479831925,CEC
lmerel,J774.abca1,Sample_Group,0.3818805522949241,1.3612046486163347,0.24332881456017547,0.48665762912035093,CEC
lmerel,J774.abca1,avgBMI,0.031289184973765836,0.8020083587534904,0.3704935808358776,0.5548567300375621,CEC
lmerel,J774.abca1,KCHCA_AGE_YR_CURRENT,0.001223365432076771,0.004948998134797331,0.9439157903237139,0.9439157903237139,CEC
lmerel,J774.abca1,M0_KCVSEX,0.02195921297859211,0.004380160140489952,0.9472323076543337,0.9472323076543337,CEC
lmerel,J774.abca1,(1 | FULLIDNO),1.3267070168882356,NA,0.2493918888132823,0.2572525119369938,CEC
lmerel,ABCA1.ind,Sample_Group,1.375805646190758,3.5870303388330633,0.05823221683684926,0.17469665051054778,CEC
lmerel,ABCA1.ind,avgBMI,0.10565585125398021,1.856651322663942,0.17301178364506828,0.34602356729013656,CEC
lmerel,ABCA1.ind,KCHCA_AGE_YR_CURRENT,0.07097888602573242,3.382327920105336,0.06589891540074519,0.15981053201758974,CEC
lmerel,ABCA1.ind,M0_KCVSEX,1.1652099569697412,2.5039123863138815,0.11356386254809389,0.2833403620138022,CEC
lmerel,ABCA1.ind,(1 | FULLIDNO),3.4121823164288116,NA,0.06471680739915962,0.12943361479831925,CEC
lmerel,ABCA1.basal,Sample_Group,-0.015296232412509986,0.004797121227871419,0.944781666917838,0.944781666917838,CEC
lmerel,ABCA1.basal,avgBMI,0.015058346218467727,0.40536745459214213,0.5243302172676352,0.5548567300375621,CEC
lmerel,ABCA1.basal,KCHCA_AGE_YR_CURRENT,0.019141959568575673,2.6582934795729685,0.10301119935034486,0.15981053201758974,CEC
lmerel,ABCA1.basal,M0_KCVSEX,0.40837717858019984,3.244438199544654,0.07166625582232461,0.2833403620138022,CEC
lmerel,ABCA1.basal,(1 | FULLIDNO),1.283482576645099,NA,0.2572525119369938,0.2572525119369938,CEC
lmerel,ABCA1.spec,Sample_Group,1.401719149659398,5.328259429926153,0.020982329554724188,0.12589397732834512,CEC
lmerel,ABCA1.spec,avgBMI,0.08989428304385823,1.9233125773633488,0.16549194333162873,0.34602356729013656,CEC
lmerel,ABCA1.spec,KCHCA_AGE_YR_CURRENT,0.05207000020712586,2.6048036125464695,0.10654035467839316,0.15981053201758974,CEC
lmerel,ABCA1.spec,M0_KCVSEX,0.73151353832923,1.4122057504668104,0.23469057100534116,0.3520358565080117,CEC
lmerel,ABCA1.spec,(1 | FULLIDNO),3.4946142161236935,NA,0.061568751675121505,0.12943361479831925,CEC
lmerel,tHDL,Sample_Group,0.8236590971671256,1.308239041940736,0.25271373404718445,0.8549478299685581,HDL
lmerel,tHDL,avgBMI,0.12591271075182708,2.6351503551622772,0.10452216582627327,0.14633103215678256,HDL
lmerel,tHDL,KCHCA_AGE_YR_CURRENT,0.04556703640102862,1.407964767046932,0.23539454748658994,0.5492539441353765,HDL
lmerel,tHDL,M0_KCVSEX,1.0895057041497989,2.116819295744884,0.14568883268213384,0.23952177709385142,HDL
lmerel,tHDL,(1 | FULLIDNO),0.6643946477428813,NA,0.4150127411567475,1,HDL
lmerel,xsHDL,Sample_Group,0.05111527732268094,0.42859315097142864,0.5126800762269661,0.8971901333971907,HDL
lmerel,xsHDL,avgBMI,0.023981989595920634,7.748093340887839,0.005376927933010683,0.018819247765537388,HDL
lmerel,xsHDL,KCHCA_AGE_YR_CURRENT,0.0013475126535816625,0.1006514533127746,0.7510492608149194,0.8078370020063926,HDL
lmerel,xsHDL,M0_KCVSEX,0.21536135867077874,6.65669595991769,0.009878390671127828,0.06914873469789479,HDL
lmerel,xsHDL,(1 | FULLIDNO),0.04609157137196718,NA,0.8300094277210279,1,HDL
lmerel,sHDL,Sample_Group,0.015546302287106325,0.008725896003153929,0.9255758567743985,0.9255758567743985,HDL
lmerel,sHDL,avgBMI,0.061419391106246085,10.935873719016232,9.431999497316107e-4,0.006602399648121275,HDL
lmerel,sHDL,KCHCA_AGE_YR_CURRENT,-0.009077344669219164,0.9836736437092602,0.32129352254704907,0.5622636644573359,HDL
lmerel,sHDL,M0_KCVSEX,0.2938574928645366,2.6885158420540907,0.10107391826929124,0.23952177709385142,HDL
lmerel,sHDL,(1 | FULLIDNO),-2.842170943040401e-14,NA,1,1,HDL
lmerel,mHDL,Sample_Group,0.04964035156566638,0.044893714025210474,0.8321995869179343,0.9255758567743985,HDL
lmerel,mHDL,avgBMI,0.05425858397920262,4.306648293827192,0.03796368926281317,0.08858194161323073,HDL
lmerel,mHDL,KCHCA_AGE_YR_CURRENT,0.008940676959087481,0.48154204389178035,0.4877246631603364,0.682814528424471,HDL
lmerel,mHDL,M0_KCVSEX,-0.03411054080461424,0.018280004309209702,0.8924509275777788,0.8924509275777788,HDL
lmerel,mHDL,(1 | FULLIDNO),-2.842170943040401e-14,NA,1,1,HDL
lmerel,mlHDL,Sample_Group,0.09788272409285279,0.8158163513193483,0.36640621284366776,0.8549478299685581,HDL
lmerel,mlHDL,avgBMI,0.021718522928683186,3.224983810914044,0.07252251374267814,0.12691439904968674,HDL
lmerel,mlHDL,KCHCA_AGE_YR_CURRENT,-0.001449491494110313,0.05915469502853744,0.8078370020063926,0.8078370020063926,HDL
lmerel,mlHDL,M0_KCVSEX,0.177726280480334,2.319353041625006,0.1277731587632652,0.23952177709385142,HDL
lmerel,mlHDL,(1 | FULLIDNO),-5.684341886080802e-14,NA,1,1,HDL
lmerel,lHDL,Sample_Group,0.5187783278980469,2.5741990382251023,0.10861906837541706,0.7603334786279194,HDL
lmerel,lHDL,avgBMI,-0.03706261548171755,1.1334250019017011,0.2870459572068371,0.3348869500746433,HDL
lmerel,lHDL,KCHCA_AGE_YR_CURRENT,0.0331771417803752,3.7041661756601134,0.054276784324660356,0.37993749027262247,HDL
lmerel,lHDL,M0_KCVSEX,0.14328741670301987,0.18188557093424196,0.669757793422239,0.7813840923259455,HDL
lmerel,lHDL,(1 | FULLIDNO),0.8926126701617534,NA,0.344770279828666,1,HDL
lmerel,xlHDL,Sample_Group,0.07675508133840436,0.21336202389328027,0.6441449497579337,0.9018029296611071,HDL
lmerel,xlHDL,avgBMI,0.003774050919360904,0.044078036309444964,0.8337084933512019,0.8337084933512019,HDL
lmerel,xlHDL,KCHCA_AGE_YR_CURRENT,0.013590432693932886,2.3380045208094566,0.12625118846748123,0.4418791596361843,HDL
lmerel,xlHDL,M0_KCVSEX,0.238168962422251,1.8733929717494509,0.1710869836384653,0.23952177709385142,HDL
lmerel,xlHDL,(1 | FULLIDNO),0.5683229653569697,NA,0.45092609585884935,1,HDL
lmerel,xsHDL.sz,Sample_Group,0.008420627210612345,0.21355064723953512,0.6439985637578401,0.9356829199800349,HDL.sz
lmerel,xsHDL.sz,avgBMI,2.4484209728058696e-4,0.015119368089606934,0.9021381080090497,0.9021381080090497,HDL.sz
lmerel,xsHDL.sz,KCHCA_AGE_YR_CURRENT,0.0010067687649288884,1.0497716954872551,0.30555967329353984,0.45833950994030975,HDL.sz
lmerel,xsHDL.sz,M0_KCVSEX,-0.013392214195583441,0.4807421751483061,0.48808633398701595,0.5857036007844191,HDL.sz
lmerel,xsHDL.sz,(1 | FULLIDNO),0.4243555833146786,NA,0.514771655426994,0.7721574831404909,HDL.sz
lmerel,sHDL.sz,Sample_Group,-0.007380458001784189,0.15342367044470448,0.6952848135766755,0.9356829199800349,HDL.sz
lmerel,sHDL.sz,avgBMI,4.8307076881812054e-4,0.057514273258253854,0.8104687657502686,0.9021381080090497,HDL.sz
lmerel,sHDL.sz,KCHCA_AGE_YR_CURRENT,-1.041055908174027e-4,0.010813542405560763,0.9171787255561846,0.9171787255561846,HDL.sz
lmerel,sHDL.sz,M0_KCVSEX,-0.016765103542010114,0.7599806112053092,0.3833345903894399,0.5750018855841599,HDL.sz
lmerel,sHDL.sz,(1 | FULLIDNO),2.4182615952557,NA,0.11992795250853135,0.35978385752559405,HDL.sz
lmerel,mHDL.sz,Sample_Group,-0.02228265673274552,0.7200304169791588,0.3961339320137089,0.9356829199800349,HDL.sz
lmerel,mHDL.sz,avgBMI,-0.002513554390069402,0.804110694976638,0.36986717416798814,0.6832829445110845,HDL.sz
lmerel,mHDL.sz,KCHCA_AGE_YR_CURRENT,0.0014993684124130831,1.1549683852613666,0.2825115026136604,0.45833950994030975,HDL.sz
lmerel,mHDL.sz,M0_KCVSEX,-0.04896167220154955,3.383134076208601,0.06586669397280868,0.19760008191842604,HDL.sz
lmerel,mHDL.sz,(1 | FULLIDNO),2.4190170316502133,NA,0.11987012671940728,0.35978385752559405,HDL.sz
lmerel,mlHDL.sz,Sample_Group,0.006285167832143542,0.07821161304182643,0.7797357666500292,0.9356829199800349,HDL.sz
lmerel,mlHDL.sz,avgBMI,-0.0027303612155813754,1.2110691688026003,0.27112047908123066,0.6832829445110845,HDL.sz
lmerel,mlHDL.sz,KCHCA_AGE_YR_CURRENT,0.0010679736708391915,0.7624397231223038,0.3825660943681785,0.45907931324181417,HDL.sz
lmerel,mlHDL.sz,M0_KCVSEX,-0.006864518515233837,0.08157264554387525,0.7751774154868905,0.7751774154868905,HDL.sz
lmerel,mlHDL.sz,(1 | FULLIDNO),0.06111822949661416,NA,0.8047371835597589,0.9656846202717106,HDL.sz
lmerel,lHDL.sz,Sample_Group,0.0011085384348007254,0.001020005209523407,0.9745218769363833,0.9745218769363833,HDL.sz
lmerel,lHDL.sz,avgBMI,-0.007904933830323792,4.552180865188649,0.03287684540259064,0.19726107241554386,HDL.sz
lmerel,lHDL.sz,KCHCA_AGE_YR_CURRENT,0.004471184292203634,5.8787168329716275,0.01532498627932417,0.09194991767594501,HDL.sz
lmerel,lHDL.sz,M0_KCVSEX,-0.04578041549909344,1.6929690176753156,0.19321004927827856,0.3864200985565571,HDL.sz
lmerel,lHDL.sz,(1 | FULLIDNO),1.3800585931439215,NA,0.24009116704377925,0.4801823340875585,HDL.sz
lmerel,xlHDL.sz,Sample_Group,0.035796924020393577,0.4254076759343776,0.514250978538332,0.9356829199800349,HDL.sz
lmerel,xlHDL.sz,avgBMI,-0.004570657862210697,0.5568753383455295,0.4555219630073897,0.6832829445110845,HDL.sz
lmerel,xlHDL.sz,KCHCA_AGE_YR_CURRENT,0.004832822906588484,2.56385364850277,0.10933178475770326,0.3279953542731098,HDL.sz
lmerel,xlHDL.sz,M0_KCVSEX,-0.15484133481172258,6.863900201105934,0.008795436388173667,0.052772618329042,HDL.sz
lmerel,xlHDL.sz,(1 | FULLIDNO),-1.0302869668521453e-13,NA,1,1,HDL.sz
lmerel,xsHDL_pct,Sample_Group,-5.584466934675232e-4,0.005566037521416102,0.9405282945835688,0.9405282945835688,HDL.pct
lmerel,xsHDL_pct,avgBMI,0.0014441706240122987,2.988865362117664,0.08383889389326037,0.2515166816797811,HDL.pct
lmerel,xsHDL_pct,KCHCA_AGE_YR_CURRENT,-8.007183576114672e-5,0.037837272197981366,0.8457702629379696,0.8457702629379696,HDL.pct
lmerel,xsHDL_pct,M0_KCVSEX,0.0134688630477644,2.7920796369837277,0.09473121529852772,0.28419364589558316,HDL.pct
lmerel,xsHDL_pct,(1 | FULLIDNO),-2.842170943040401e-14,NA,1,1,HDL.pct
lmerel,sHDL_pct,Sample_Group,-0.012256026638821782,0.6451411252286385,0.4218552296070665,0.843710459214133,HDL.pct
lmerel,sHDL_pct,avgBMI,0.002501942945704224,2.1587223857541513,0.14176251811962395,0.2835250362392479,HDL.pct
lmerel,sHDL_pct,KCHCA_AGE_YR_CURRENT,-0.0010684291955770594,1.6211544588792377,0.20293088988523325,0.6189254711980474,HDL.pct
lmerel,sHDL_pct,M0_KCVSEX,0.00827137145914674,0.2533924263970502,0.6146964306928221,0.7076683097271759,HDL.pct
lmerel,sHDL_pct,(1 | FULLIDNO),-5.684341886080802e-14,NA,1,1,HDL.pct
lmerel,mHDL_pct,Sample_Group,-0.020351136938808433,1.399611261778312,0.23678866891777822,0.7103660067533346,HDL.pct
lmerel,mHDL_pct,avgBMI,7.109638098962237e-4,0.14073478006155962,0.7075516314783195,0.7075516314783195,HDL.pct
lmerel,mHDL_pct,KCHCA_AGE_YR_CURRENT,1.9917169122956636e-4,0.04543498618486526,0.8312061905490732,0.8457702629379696,HDL.pct
lmerel,mHDL_pct,M0_KCVSEX,-0.03310014108810255,3.247501908026616,0.0715324016571919,0.28419364589558316,HDL.pct
lmerel,mHDL_pct,(1 | FULLIDNO),0.06458714896041329,NA,0.7993873878015869,1,HDL.pct
lmerel,mlHDL_pct,Sample_Group,0.001434120740500583,0.03498658062711662,0.8516237816365,0.9405282945835688,HDL.pct
lmerel,mlHDL_pct,avgBMI,4.6889744217773965e-4,0.300311836544569,0.5836869933009902,0.7075516314783195,HDL.pct
lmerel,mlHDL_pct,KCHCA_AGE_YR_CURRENT,-3.922289961135242e-4,0.8653404898494976,0.3522484961219189,0.6189254711980474,HDL.pct
lmerel,mlHDL_pct,M0_KCVSEX,0.009558268099303205,1.3402065215999384,0.24699755100191376,0.49365004163224435,HDL.pct
lmerel,mlHDL_pct,(1 | FULLIDNO),0,NA,1,1,HDL.pct
lmerel,lHDL_pct,Sample_Group,0.028269057345857274,2.21757869971669,0.13644690348727453,0.7103660067533346,HDL.pct
lmerel,lHDL_pct,avgBMI,-0.006062363562680858,8.950813099527187,0.0027734611118910182,0.01664076667134611,HDL.pct
lmerel,lHDL_pct,KCHCA_AGE_YR_CURRENT,9.6140371622534e-4,0.9086664696224465,0.340468491300734,0.6189254711980474,HDL.pct
lmerel,lHDL_pct,M0_KCVSEX,-0.007216000295582266,0.1406170907226746,0.7076683097271759,0.7076683097271759,HDL.pct
lmerel,lHDL_pct,(1 | FULLIDNO),1.6123045791989625,NA,0.2041681516524325,1,HDL.pct
lmerel,xlHDL_pct,Sample_Group,-0.0012269099792870622,0.014882351292421317,0.9029043697528157,0.9405282945835688,HDL.pct
lmerel,xlHDL_pct,avgBMI,-4.777862674533752e-4,0.1871162030711113,0.6653276934161849,0.7075516314783195,HDL.pct
lmerel,xlHDL_pct,KCHCA_AGE_YR_CURRENT,4.4629783080194163e-4,0.6712475828084847,0.41261698079869824,0.6189254711980474,HDL.pct
lmerel,xlHDL_pct,M0_KCVSEX,0.010452880848347506,0.9524359247651147,0.32910002775482955,0.49365004163224435,HDL.pct
lmerel,xlHDL_pct,(1 | FULLIDNO),0.16035550626898498,NA,0.6888294215967158,1,HDL.pct
